,Compound ID,Solubility,SD,Ocurrences,MolWt,MolLogP,MolMR,HeavyAtomCount,NumHAcceptors,NumHDonors,NumHeteroatoms,NumRotatableBonds,NumValenceElectrons,NumAromaticRings,NumSaturatedRings,NumAliphaticRings,RingCount,TPSA,LabuteASA,BalabanJ,BertzCT
0,dl-methionine,-0.6593,0.1191519739499999,2,149.215,0.1513999999999998,38.61019999999999,9.0,3.0,2.0,4.0,4.0,54.0,0.0,0.0,0.0,0.0,63.32,58.61777606003371,3.2659073992264416,96.95878455585176
1,dalapon,0.5455,0.0,1,142.969,1.2648,27.74679999999999,7.0,1.0,1.0,4.0,1.0,42.0,0.0,0.0,0.0,0.0,37.3,51.03142356262589,3.7911184170869663,83.42592196522058
2,sulfaproxyline,-4.3,0.0,1,334.39700000000005,2.1747000000000005,87.71240000000003,23.0,5.0,2.0,7.0,5.0,122.0,2.0,0.0,0.0,2.0,98.49,134.8738618857339,2.1280874393118245,781.8348777970372
3,maltol,-1.063,0.0,1,126.11099999999998,0.6538199999999998,31.3798,9.0,3.0,1.0,3.0,0.0,48.0,1.0,0.0,0.0,1.0,50.44,51.5569179101424,3.4257312155228083,261.2506372810443
4,1-heptanol,-1.8425,0.018315396935134,3,116.204,1.9491,35.84479999999999,8.0,1.0,1.0,1.0,5.0,50.0,0.0,0.0,0.0,0.0,20.23,51.723137466405205,2.53006045688352,29.368065554250645
5,isoxaben,-5.3694,0.0752999999999999,2,332.40000000000003,4.0218000000000025,91.93620000000006,24.0,5.0,1.0,6.0,7.0,130.0,2.0,0.0,0.0,2.0,73.59,141.67678464858872,2.271488099530214,682.544365262882
6,pyrazophos,-4.9489,0.0,1,373.37100000000015,2.890720000000001,91.84550000000004,24.0,9.0,0.0,10.0,8.0,132.0,2.0,0.0,0.0,2.0,84.18,144.8724810814642,2.337540929930071,769.1008406492177
7,hexazinone,-0.8834,0.5017,2,252.31799999999996,0.5131999999999994,70.18700000000003,18.0,6.0,0.0,6.0,2.0,100.0,1.0,1.0,1.0,2.0,60.13,105.8718157818583,2.5209699133525185,537.9888841001627
8,furaltadone,-2.6359,0.0,1,324.29300000000006,0.6747000000000001,77.19040000000004,23.0,8.0,0.0,10.0,5.0,124.0,1.0,2.0,2.0,3.0,110.65,130.92526323414398,1.5414337097331927,609.360844736158
9,cycloxydim,-3.58,0.0,1,325.4740000000001,4.113400000000003,91.40380000000006,22.0,5.0,1.0,5.0,6.0,124.0,0.0,1.0,2.0,2.0,58.89,136.91883161138256,2.149014273978078,452.8204033200171
10,"1,3-xylene",-2.8328690378,0.0751812379635976,6,106.168,2.30344,35.916,8.0,0.0,0.0,0.0,0.0,42.0,1.0,0.0,0.0,1.0,0.0,50.16128734829017,3.077660437970554,159.89811391899892
11,n-dodecylamine,-3.3759,0.8168099592599711,6,185.355,3.8660000000000014,60.89840000000005,13.0,1.0,1.0,1.0,10.0,80.0,0.0,0.0,0.0,0.0,26.02,84.09350498320498,2.758149818433293,71.19366193720087
12,Nitroethane,-0.22,0.0128960886999999,2,75.067,0.2829999999999999,17.5354,5.0,2.0,0.0,3.0,1.0,30.0,0.0,0.0,0.0,0.0,43.14,29.757168864725955,2.847378923087672,42.91260938324327
13,theobromine,-2.7372,0.3012369623734775,4,180.167,-1.0397,46.5757,13.0,5.0,1.0,6.0,0.0,68.0,2.0,0.0,0.0,2.0,72.68,72.4540434171574,3.178460985506274,574.1705593822571
14,butane,-2.977604072,0.256788365204484,5,58.124,1.8064,20.582,4.0,0.0,0.0,0.0,1.0,26.0,0.0,0.0,0.0,0.0,0.0,27.834077371019376,1.9747448713915892,2.0
15,terbutryn,-3.9847,0.0076499999999999,2,241.364,2.2357,69.14740000000003,16.0,6.0,2.0,6.0,4.0,90.0,1.0,0.0,0.0,1.0,62.73,100.86777625569408,2.945000898431184,347.5528924740622
16,1-pentadecanol,-6.3476,0.0312000000000001,2,228.41999999999996,5.069900000000006,72.78080000000006,16.0,1.0,1.0,1.0,13.0,98.0,0.0,0.0,0.0,0.0,20.23,102.6426743815781,2.828262412638549,98.00257888348511
17,1H-imidazole,0.9683905422,0.0100549092,2,68.079,0.4096999999999999,18.587699999999995,5.0,1.0,1.0,2.0,0.0,26.0,1.0,0.0,0.0,1.0,28.68,29.860211521457774,3.1250000000000004,61.369930610534254
18,silver cyanide,-6.1267351667,0.9793036574,2,133.886,0.09387,4.968,3.0,1.0,0.0,2.0,0.0,20.0,0.0,0.0,0.0,0.0,23.79,34.76523356259193,0.0,9.509775004326936
19,2-ethyloxirane,0.080542298,0.0898962509941771,3,72.107,0.7952,20.030999999999995,5.0,1.0,0.0,1.0,1.0,30.0,0.0,1.0,1.0,1.0,12.53,31.941791446997023,1.9989394851788975,30.62919048309069
20,benzylamine,-1.53,1.25,2,107.156,1.1453,34.33339999999999,8.0,1.0,1.0,1.0,1.0,42.0,1.0,0.0,0.0,1.0,26.02,49.13623593090629,2.8320858350070903,145.73281445033504
21,ibuproxam,-3.044,0.0,1,221.3,2.494,63.32820000000004,16.0,2.0,2.0,3.0,4.0,88.0,1.0,0.0,0.0,1.0,49.33,96.44565445559904,2.741815403505495,343.4551560933999
22,Phoxim,-4.862,0.0,1,298.304,3.2283800000000014,77.21400000000004,19.0,6.0,0.0,7.0,7.0,102.0,1.0,0.0,0.0,1.0,63.84,117.58356026441706,2.8809507542904287,503.4558226694405
23,"2,4,5-tb",-3.8294,0.0,1,283.538,3.8904000000000014,63.836800000000025,16.0,2.0,1.0,6.0,5.0,88.0,1.0,0.0,0.0,1.0,46.53,107.87027133947504,2.537807527581172,393.1407987110952
24,naloxone,-2.9,0.0,1,327.3800000000001,1.3014,87.27060000000004,24.0,5.0,2.0,5.0,2.0,126.0,1.0,2.0,4.0,5.0,70.0,140.08609146449777,1.796948010282009,774.8754473625407
25,lorazepam,-3.6036,0.0,1,321.163,3.101300000000001,83.17950000000002,21.0,3.0,2.0,6.0,1.0,106.0,2.0,0.0,1.0,3.0,61.690000000000005,130.58496549069287,2.26892535252096,759.0888790908208
26,"2,6-lutidine",0.447,0.0,1,107.156,1.69844,33.71099999999999,8.0,1.0,0.0,1.0,0.0,42.0,1.0,0.0,0.0,1.0,12.89,49.380935329236685,3.077660437970554,164.24662946459569
27,dulcin,-2.173,0.0,1,180.207,1.5759,50.81710000000001,13.0,2.0,2.0,4.0,3.0,70.0,1.0,0.0,0.0,1.0,64.35,76.6910496728582,2.635972640607562,282.1711052507959
28,codeine,-1.52,0.4315089802078282,3,299.37000000000006,1.5011,82.46380000000003,22.0,4.0,1.0,4.0,1.0,116.0,1.0,1.0,4.0,5.0,41.93,129.87893872736822,1.8223654238415252,685.154996148535
29,"2,2',3,4,6-PCB",-7.43,0.1302999999999996,2,326.437,6.620600000000001,76.92800000000003,17.0,0.0,0.0,5.0,1.0,88.0,2.0,0.0,0.0,2.0,0.0,124.00482845996936,2.721523075224645,577.348938365776
30,fluorobenzene,-1.7924097659,0.0,1,96.10399999999998,1.8257,26.399999999999995,7.0,0.0,0.0,1.0,0.0,36.0,1.0,0.0,0.0,1.0,0.0,41.5969385224232,3.0214653097240864,134.10736969541455
31,2-hexanone,-0.8,0.02115,2,100.161,1.7656,30.20599999999998,7.0,1.0,0.0,1.0,3.0,42.0,0.0,0.0,0.0,0.0,17.07,44.72548369985636,2.8219389370591843,57.20035947603792
32,butyl acetate,-1.2199585633,0.1482062664120942,6,116.15999999999998,1.3496,31.540999999999983,8.0,2.0,0.0,2.0,3.0,48.0,0.0,0.0,0.0,0.0,26.3,49.83902892936324,2.822354554248032,68.92878689342031
33,anabasine,0.7898,0.0,1,162.236,1.8962,48.83170000000003,12.0,2.0,1.0,2.0,1.0,64.0,1.0,1.0,1.0,2.0,24.92,73.01979270250531,2.082510086938828,226.8537121839843
34,cyromazine,-1.179,0.0344999999999999,2,166.188,-0.3897000000000006,45.2965,12.0,6.0,3.0,6.0,2.0,64.0,1.0,1.0,1.0,2.0,102.74,69.40898582963057,2.1770477836157407,273.83982642577905
35,abate,-6.2375,0.4762500000000003,2,466.47900000000016,5.630000000000004,114.869,27.0,9.0,0.0,11.0,10.0,148.0,2.0,0.0,0.0,2.0,55.38000000000001,173.5125033919799,2.00995144064202,743.5541844393116
36,oxetan-2-one,0.7104893861,0.0,1,72.063,-0.0666999999999999,15.576,5.0,2.0,0.0,2.0,0.0,28.0,0.0,1.0,1.0,1.0,26.3,29.738371432644183,2.322405049590992,51.91340299823497
37,hexanoic acid,-1.0522193787,0.0,1,116.15999999999998,1.6513,31.77779999999998,8.0,1.0,1.0,2.0,4.0,48.0,0.0,0.0,0.0,0.0,37.3,49.51971745205236,2.822354554248032,68.92878689342031
38,trovafloxacin,-4.5296,0.0,1,416.3590000000001,1.8945,101.34170000000005,30.0,6.0,2.0,10.0,3.0,154.0,3.0,2.0,2.0,5.0,101.45,166.71102821338405,1.7617670554909075,1280.507328661338
39,transfluthrin,-6.81,0.0,1,371.157,4.877400000000002,76.62,23.0,2.0,0.0,8.0,4.0,126.0,1.0,1.0,1.0,2.0,26.3,139.56418935837192,2.1123615226066352,658.2947166196597
40,benfuracarb,-4.7103,0.0,1,410.5360000000002,4.057500000000004,109.32300000000006,28.0,7.0,0.0,8.0,8.0,156.0,1.0,0.0,1.0,2.0,68.31,171.11197384315744,1.9697921241251517,707.8365033465442
41,imidacloprid,-2.6223,0.0,1,255.665,0.6879,62.089100000000016,17.0,5.0,1.0,8.0,3.0,90.0,1.0,0.0,1.0,2.0,83.66,102.23638471378864,2.011084008323884,447.2043646861617
42,naepaine,-3.27,0.0,1,250.3419999999999,2.2054,73.53160000000004,18.0,4.0,2.0,4.0,8.0,100.0,1.0,0.0,0.0,1.0,64.35000000000001,108.51576024484125,2.117836776279736,349.31655354638923
43,n-decylamine,-2.4564,0.0,1,157.301,3.0858000000000008,51.66440000000003,11.0,1.0,1.0,1.0,8.0,68.0,0.0,0.0,0.0,0.0,26.02,71.36362075441176,2.6909155266923976,53.89311688209828
44,"1,4-xylene",-2.8191677601,0.0321733662692313,5,106.168,2.30344,35.916,8.0,0.0,0.0,0.0,0.0,42.0,1.0,0.0,0.0,1.0,0.0,50.16128734829017,3.0324555320336755,138.89811391899892
45,pentyl formate,-1.6020599913,0.0,1,116.15999999999998,1.3496,31.540999999999983,8.0,2.0,0.0,2.0,5.0,48.0,0.0,0.0,0.0,0.0,26.3,49.83902892936323,2.616293090417985,52.49022499567306
46,nadide,0.1782048937999999,0.0,1,663.4300000000001,-3.647899999999995,137.15830000000005,44.0,18.0,7.0,23.0,11.0,240.0,3.0,2.0,2.0,5.0,321.09000000000003,245.9542116303212,1.1576280907235283,1628.6201084376485
47,pentan-2-ol,-0.2541408245,0.02087958775,2,88.14999999999999,1.1673,26.58879999999999,6.0,1.0,1.0,1.0,2.0,38.0,0.0,0.0,0.0,0.0,20.23,38.99325323761199,2.6272148478988635,25.11941547876375
48,triazolam,-4.08,0.0,1,343.21700000000004,4.233520000000003,91.90100000000002,23.0,4.0,0.0,6.0,1.0,114.0,3.0,0.0,1.0,4.0,43.07,142.96332309881646,2.027496173750821,943.5164678122118
49,flutrimazole,-8.4,0.0,1,346.3800000000001,5.001500000000003,96.74900000000002,26.0,2.0,0.0,4.0,4.0,128.0,4.0,0.0,0.0,4.0,17.82,149.93747854649425,2.142548146355507,996.0236896698776
50,4-propylphenol,-2.0276,0.0,1,136.19399999999996,2.3447000000000005,42.10180000000002,10.0,1.0,1.0,1.0,2.0,54.0,1.0,0.0,0.0,1.0,20.23,61.3204632148828,2.693803452362809,188.3881691811921
51,benomyl,-4.86,0.0115499999999997,2,290.32300000000004,2.5724,79.46540000000003,21.0,5.0,2.0,7.0,4.0,112.0,2.0,0.0,0.0,2.0,85.25000000000001,121.8427561373751,2.3502170049464204,650.7065804079459
52,8-quinazolinol,-2.0361,0.0,1,146.14899999999997,1.3353999999999997,41.20280000000002,11.0,3.0,1.0,3.0,0.0,54.0,2.0,0.0,0.0,2.0,46.010000000000005,63.34659736532121,2.9131611636048604,381.2537713475522
53,methyldopa,-1.3247,0.0,1,211.217,0.4423000000000001,53.703800000000015,15.0,4.0,4.0,5.0,3.0,82.0,1.0,0.0,0.0,1.0,103.78,86.77528563072794,2.905062365401662,387.0088201517134
54,pyraclofos,-4.0388,0.0,1,360.803,5.192300000000004,91.18350000000004,22.0,6.0,0.0,8.0,8.0,120.0,2.0,0.0,0.0,2.0,53.35,138.7854331052319,2.1246822139760635,647.7924362052639
55,cumene,-3.2924,0.0478880173608248,3,120.19499999999996,2.8100000000000014,40.53100000000002,9.0,0.0,0.0,0.0,1.0,48.0,1.0,0.0,0.0,1.0,0.0,56.52622946268678,2.848234050597751,162.65300142116237
56,disperse red 1,-6.292999999999999,0.0,1,314.345,3.828800000000003,88.68720000000005,23.0,6.0,1.0,7.0,7.0,120.0,2.0,0.0,0.0,2.0,91.32999999999998,133.60208677253573,2.06058221147532,668.7296328965323
57,pyrene,-6.1787966156,0.0588200189844963,3,202.256,4.584000000000002,70.14600000000003,16.0,0.0,0.0,0.0,0.0,74.0,4.0,0.0,0.0,4.0,0.0,93.45542159483816,2.505955689360672,666.6198058168793
58,picrotoxin,-2.1672,0.0,1,602.5890000000002,-0.9291999999999958,135.14739999999995,43.0,13.0,3.0,13.0,2.0,232.0,0.0,10.0,10.0,10.0,190.95,245.2905499651882,1.210973990580018e-07,1500.406312219199
59,tolbutamide,-3.17,0.1122499999999999,2,270.354,1.78302,69.80720000000004,18.0,3.0,2.0,6.0,5.0,100.0,1.0,0.0,0.0,1.0,75.27000000000001,107.64307816555156,2.6444911926355648,494.5587374421375
60,triethylamine,-0.1376829835,0.3354934183004696,7,101.193,1.3481,33.46199999999998,7.0,1.0,0.0,1.0,3.0,44.0,0.0,0.0,0.0,0.0,3.24,46.32379527001597,2.9923028831940863,25.651484454403228
61,Alachlor,-3.17,0.0856824110045669,3,269.77199999999993,2.9871000000000016,75.28000000000004,18.0,2.0,0.0,4.0,6.0,100.0,1.0,0.0,0.0,1.0,29.54,113.68910726130552,3.2766131919478854,384.5305068733243
62,2-iodopropane,-2.0843,0.0583500000000001,2,169.993,1.8298,29.155999999999988,4.0,0.0,0.0,1.0,0.0,26.0,0.0,0.0,0.0,0.0,0.0,40.7309733776664,2.3237900077244498,8.0
63,danazol,-5.51,0.0,1,337.4630000000001,4.221000000000004,96.35280000000006,25.0,3.0,1.0,3.0,0.0,132.0,1.0,3.0,4.0,5.0,46.260000000000005,149.4111683415793,1.5319846700877742,801.194381990157
64,Ethylene,-0.4,0.9653617485,2,28.053999999999995,0.8022,11.254,2.0,0.0,0.0,0.0,0.0,12.0,0.0,0.0,0.0,0.0,0.0,14.414590110041903,2.0,0.0
65,amisometradine,-0.9895,0.0,1,195.222,-0.2947000000000004,55.16940000000001,14.0,5.0,1.0,5.0,2.0,76.0,1.0,0.0,0.0,1.0,70.02,81.08868449147967,3.4447593927753366,481.81092593541393
66,"2,2',5,6'-PCB",-6.8,0.0060500000000001,2,291.992,5.967200000000002,71.918,16.0,0.0,0.0,4.0,1.0,82.0,2.0,0.0,0.0,2.0,0.0,113.70156223308769,2.7162794101137435,514.2871240740591
67,rosolic acid,-2.3837,0.0,1,290.31800000000004,3.594800000000002,85.52260000000003,22.0,3.0,2.0,3.0,2.0,108.0,2.0,0.0,1.0,3.0,57.53,127.71844148069108,2.183559110463215,726.0788697398173
68,pent-2-ene,-2.5449048057,0.4312300999792298,5,70.135,1.9725,25.10499999999999,5.0,0.0,0.0,0.0,1.0,30.0,0.0,0.0,0.0,0.0,0.0,33.50941645323172,2.622415807990217,27.019550008653876
69,aminothiourea,-0.8457609068,0.0569716761499999,2,91.139,-1.3067000000000002,24.10850000000001,5.0,2.0,3.0,4.0,0.0,30.0,0.0,0.0,0.0,0.0,64.07,35.29781087290288,2.847378923087672,42.1577218810798
70,ethychlozate,-3.0256,0.0,1,238.674,2.3219000000000003,61.44070000000002,16.0,3.0,1.0,5.0,3.0,84.0,2.0,0.0,0.0,2.0,54.98,97.54843163561644,2.3036607238603297,521.678961590002
71,simvastatin,-5.48,0.0,1,418.5740000000002,4.585600000000005,115.45480000000006,30.0,5.0,1.0,5.0,6.0,168.0,0.0,1.0,3.0,3.0,72.83,180.4455306596892,1.7612771112578929,706.3275441224729
72,6-chloropurine,-1.4901,0.0,1,154.56,1.0062999999999998,36.69370000000001,10.0,3.0,1.0,5.0,0.0,50.0,2.0,0.0,0.0,2.0,54.46,61.284438241967685,2.950090305322589,355.1754374062279
73,tropic acid,-0.9305,0.0055,2,166.176,0.8471000000000002,43.90460000000002,12.0,2.0,2.0,3.0,3.0,64.0,1.0,0.0,0.0,1.0,57.53,70.27621906712257,2.877595790918249,255.7359747745539
74,5-fluorouracil,-1.0689,0.0144499999999999,2,130.078,-0.7977000000000001,27.641399999999997,9.0,2.0,2.0,5.0,0.0,48.0,1.0,0.0,0.0,1.0,65.72,48.35927868440375,3.523897718994017,312.83394095677266
75,oxabetrinil,-4.0649,0.0,1,232.239,1.3037800000000002,60.23600000000003,17.0,5.0,0.0,5.0,4.0,88.0,1.0,1.0,1.0,2.0,63.84,99.19780100767488,1.9190709671103665,419.1269235594376
76,pregnenolone,-4.652,0.0,1,316.48500000000007,4.515300000000004,91.88080000000004,23.0,2.0,1.0,2.0,1.0,128.0,0.0,3.0,4.0,4.0,37.3,140.28092152170035,1.6619631243467547,550.0448238342481
77,allyl acetate,-0.5534,0.0,1,100.117,0.7355,26.829999999999988,7.0,2.0,0.0,2.0,2.0,40.0,0.0,0.0,0.0,0.0,26.3,42.78448378278237,2.9670528832697767,76.14933958998697
78,ketamine,-0.1369999999999999,0.0,1,274.19100000000003,0.0143000000000006,66.77670000000003,17.0,2.0,1.0,4.0,2.0,94.0,1.0,1.0,1.0,2.0,29.1,114.63270889932244,1.444999709866727e-06,413.7326469484602
79,2-methylhexane,-4.5961,0.0,1,100.20499999999998,2.832600000000001,34.362999999999985,7.0,0.0,0.0,0.0,3.0,44.0,0.0,0.0,0.0,0.0,0.0,46.92890371420919,2.678257743164726,29.01955000865387
80,butoxybenzene,-3.6132495633,0.0,1,150.22099999999998,2.8655000000000017,46.845000000000034,11.0,1.0,0.0,1.0,4.0,60.0,1.0,0.0,0.0,1.0,9.23,68.00471680659028,2.2758012873675093,181.32408233692004
81,ethyl valerate,-1.7706,0.2309999326599228,3,130.18699999999998,1.7397,36.158,9.0,2.0,0.0,2.0,4.0,54.0,0.0,0.0,0.0,0.0,26.3,56.20397104375984,3.0613168393721577,78.98533616859814
82,1-octyne,-3.662,0.0,1,110.2,2.5900000000000007,37.592,8.0,0.0,0.0,0.0,4.0,46.0,0.0,0.0,0.0,0.0,0.0,52.29307122046507,2.646949873687806,66.59772060569361
83,formaldehyde,1.1206,0.0,1,30.026,-0.1849,7.121,2.0,1.0,0.0,1.0,0.0,12.0,0.0,0.0,0.0,0.0,17.07,12.900773127873316,2.0,2.0
84,8-methylpurine,-0.41,0.0135499999999999,2,134.14199999999997,0.6613199999999998,36.4207,10.0,3.0,1.0,4.0,0.0,50.0,2.0,0.0,0.0,2.0,54.46,57.34611412948262,2.876510166944625,318.2753028763377
85,naphthalene,-4.3112256046,0.7189518625146027,5,128.17399999999995,2.839800000000001,43.94800000000003,10.0,0.0,0.0,0.0,0.0,48.0,2.0,0.0,0.0,2.0,0.0,60.11306765123217,2.888051601657992,271.01518240905483
86,triadimefon,-3.6137,0.0,1,293.754,3.1243000000000016,75.60100000000003,20.0,5.0,0.0,6.0,4.0,106.0,2.0,0.0,0.0,2.0,57.010000000000005,122.08336500628032,2.281223550397853,573.4665262416382
87,propionitrile,0.2718,0.0,1,55.07999999999999,0.91998,15.904000000000002,4.0,1.0,0.0,1.0,0.0,22.0,0.0,0.0,0.0,0.0,23.79,25.86171493809148,2.4330963097956344,33.03830640231605
88,2-heptanol,-1.5507,0.0,1,116.20399999999998,1.9475,35.822799999999994,8.0,1.0,1.0,1.0,4.0,50.0,0.0,0.0,0.0,0.0,20.23,51.7231374664052,2.7158427612932585,41.65148445440323
89,benzoximate,-4.0837,0.0,1,363.797,3.591300000000002,93.12400000000004,25.0,5.0,0.0,7.0,5.0,132.0,2.0,0.0,0.0,2.0,65.07000000000001,150.35896829711186,2.342111865414857,763.5617836423708
90,2-decanone,-3.3085,0.0,1,156.269,3.3260000000000023,48.67400000000003,11.0,1.0,0.0,1.0,7.0,66.0,0.0,0.0,0.0,0.0,17.07,70.1852521574428,2.8497612822334424,97.04589952780503
91,allethrin,-4.8179,0.0,1,302.41400000000004,4.002000000000003,87.21000000000005,22.0,3.0,0.0,3.0,5.0,120.0,0.0,1.0,2.0,2.0,43.370000000000005,132.6643271129517,2.067252683908675,573.4877160391027
92,mecarbam,-2.5177,0.0,1,329.3800000000001,2.632000000000001,79.78700000000005,19.0,7.0,0.0,9.0,8.0,112.0,0.0,0.0,0.0,0.0,65.07000000000001,122.61219610978006,4.397208956208479,342.8117132097756
93,galaxolide,-5.1693,0.0538640750940969,5,258.405,4.525200000000004,79.72900000000006,19.0,1.0,0.0,1.0,0.0,104.0,1.0,0.0,2.0,3.0,9.23,116.91259141470466,2.2452818094358897,524.7369751653058
94,thionazin,-2.338,0.0,1,248.244,2.1529,60.19700000000002,15.0,6.0,0.0,7.0,6.0,84.0,1.0,0.0,0.0,1.0,53.47,94.05103133071,2.706849273086979,325.91848358463807
95,hexestrol,-4.353,0.0384999999999999,2,270.372,4.785200000000005,82.27760000000004,20.0,2.0,2.0,2.0,5.0,106.0,2.0,0.0,0.0,2.0,40.46,120.2666175163327,2.3163196571785463,476.8496098708157
96,RTI 12,-4.114,0.0,1,288.73800000000006,2.878000000000001,78.89750000000004,20.0,4.0,0.0,6.0,1.0,102.0,2.0,0.0,1.0,3.0,49.330000000000005,121.3661862588434,2.32340388869338,688.6241630195814
97,isoflurophate,-1.0777,0.0,1,184.147,2.914000000000001,41.15650000000001,11.0,3.0,0.0,5.0,4.0,68.0,0.0,0.0,0.0,0.0,35.53,66.54186865886246,3.907836095239563,143.90638535044312
98,aldol,1.055,0.0,1,88.106,-0.0438,22.361799999999995,6.0,2.0,1.0,2.0,2.0,36.0,0.0,0.0,0.0,0.0,37.3,36.78983322325915,2.8141442217770303,40.81274391313339
99,2-Ethylbutanal,-1.52,0.0,1,100.161,1.6215,30.13599999999998,7.0,1.0,0.0,1.0,3.0,42.0,0.0,0.0,0.0,0.0,17.07,44.72548369985635,3.164609308839238,46.14170945007629
100,Metoxuron,-2.564,0.0212383824452073,3,228.679,2.4421,60.70970000000002,15.0,2.0,1.0,5.0,2.0,82.0,1.0,0.0,0.0,1.0,41.57,93.77920098732712,2.798213756358398,366.4400629123248
101,meperidine,-1.6368,0.0,1,283.799,-0.670399999999997,72.59600000000005,19.0,3.0,0.0,4.0,3.0,106.0,1.0,1.0,1.0,2.0,29.54,122.3828436173362,1.8049995100376383e-06,405.5943572604684
102,dichlorprop,-2.8271,0.18855,2,235.066,2.845300000000001,54.18780000000002,14.0,2.0,1.0,5.0,3.0,76.0,1.0,0.0,0.0,1.0,46.53,91.2020629981968,2.817664884623791,351.9103452953617
103,amikacin,-0.5004,0.0,1,585.6080000000002,-8.424200000000015,131.42570000000003,40.0,17.0,13.0,18.0,10.0,234.0,0.0,3.0,3.0,3.0,331.93999999999994,229.2645399768689,1.847903728536342,815.0542713752033
104,dibromane,-0.3762292432999999,0.0,1,79.904,-2.996,0.0,1.0,0.0,0.0,1.0,0.0,8.0,0.0,0.0,0.0,0.0,0.0,17.881179872351204,0.0,0.0
105,cafenstrole,-5.1467,0.0,1,350.4440000000001,2.3460600000000005,89.84180000000005,24.0,6.0,0.0,8.0,4.0,130.0,2.0,0.0,0.0,2.0,85.16,141.78166983067496,2.479849022999368,844.1928380699638
106,Aldadiene,-4.1007061575,0.0,1,340.46300000000014,4.370100000000003,94.67300000000006,25.0,3.0,0.0,3.0,0.0,134.0,0.0,3.0,5.0,5.0,43.370000000000005,149.43126302773803,1.534690869394722,718.783976814856
107,griseofulvin,-4.611000000000001,0.0,1,354.7860000000001,2.6851000000000003,86.44750000000006,24.0,6.0,0.0,7.0,3.0,130.0,1.0,1.0,2.0,3.0,71.06,144.5145954157979,2.19554879426611,715.5225852429162
108,Coumachlor,-5.839,0.0,1,342.7780000000001,4.263000000000003,92.74180000000004,24.0,4.0,1.0,5.0,4.0,122.0,3.0,0.0,0.0,3.0,67.50999999999999,142.85529131805689,2.242176860891908,957.2578858098648
109,strychnine,-3.32,0.4407821331325588,3,334.419,2.0925,93.40900000000003,25.0,3.0,0.0,4.0,0.0,128.0,1.0,4.0,6.0,7.0,32.78,146.97567955204383,1.5524232297011886,848.052733715765
110,manganese,-4.894774805,0.0,1,54.938,-0.0025,0.0,1.0,0.0,0.0,1.0,0.0,7.0,0.0,0.0,0.0,0.0,0.0,17.964098032124472,0.0,0.0
111,fufural,-0.0962,0.0,1,96.08499999999998,1.0921,24.095499999999998,7.0,2.0,0.0,2.0,1.0,36.0,1.0,0.0,0.0,1.0,30.21,40.75219659801417,2.962094525806721,141.1235805057187
112,procaine,-1.72,0.3163883323939112,4,236.315,1.7674,68.92490000000004,17.0,4.0,1.0,4.0,6.0,94.0,1.0,0.0,0.0,1.0,55.56,102.36078961703996,2.3694575785961214,344.94202439465573
113,dimethylamine,1.558,1.106016037,2,45.085,-0.1644000000000001,14.983700000000002,3.0,1.0,1.0,1.0,0.0,20.0,0.0,0.0,0.0,0.0,12.03,20.6540553258342,1.6329931618554523,2.754887502163468
114,"2,4-Octadione",-1.56,0.0,1,142.19799999999998,1.7248,39.830000000000005,10.0,2.0,0.0,2.0,5.0,58.0,0.0,0.0,0.0,0.0,34.14,61.61689002869332,3.346959626471701,127.21928094887362
115,zileuton,-3.37,0.0,1,236.296,2.732200000000001,63.44890000000002,16.0,3.0,2.0,5.0,2.0,84.0,2.0,0.0,0.0,2.0,66.56,96.85777598376735,2.362960926704292,490.4338490921654
116,isoxathion,-5.2172,0.0,1,313.315,4.017900000000003,80.10400000000003,20.0,6.0,0.0,7.0,7.0,108.0,2.0,0.0,0.0,2.0,53.72,122.63416312567372,2.145092887186004,577.0669089216854
117,Ethisterone,-5.66,0.0299999999999998,2,312.4530000000001,3.8826000000000023,90.49280000000005,23.0,2.0,1.0,2.0,0.0,124.0,0.0,3.0,4.0,4.0,37.3,139.2801469135596,1.7024099249747302,626.2430525943431
118,triazamate,-2.861,0.0,1,314.41100000000006,1.7605,80.56000000000004,21.0,7.0,0.0,8.0,4.0,118.0,1.0,0.0,0.0,1.0,77.32,128.59218094093006,3.017992304961193,519.9763158000324
119,zinc dibromide,1.2977429939,0.0,1,225.198,-5.9945,0.0,3.0,0.0,0.0,3.0,0.0,16.0,0.0,0.0,0.0,0.0,0.0,53.27721002736354,-0.0,2.754887502163468
120,sulfasalazine,-6.14,0.0,1,398.4000000000001,3.7016000000000018,100.72960000000002,28.0,7.0,3.0,10.0,6.0,142.0,3.0,0.0,0.0,3.0,141.31,159.6375871519161,1.7658464964858716,1130.3973704840953
121,nifuroxime,-2.1934,0.0,1,156.09699999999998,0.9959,34.74290000000001,11.0,5.0,1.0,6.0,2.0,58.0,1.0,0.0,0.0,1.0,88.87,60.88724495800432,2.8998954899749183,290.4274538790235
122,etacelasil,-1.1029,0.0,1,316.8540000000001,1.1531,74.76500000000006,19.0,6.0,0.0,8.0,14.0,116.0,0.0,0.0,0.0,0.0,55.38000000000001,121.12418260782046,4.373733767178668,171.4948987286046
123,Sulfisoxazole,-2.91,0.6023841520713065,3,267.31,1.6744399999999997,67.63990000000003,18.0,5.0,2.0,7.0,3.0,96.0,2.0,0.0,0.0,2.0,98.22,104.83424387818272,2.327592361324992,659.3419266315426
124,fentanyl,-3.82,0.2970499999999998,2,336.479,4.136700000000003,103.82700000000006,25.0,2.0,0.0,3.0,6.0,132.0,2.0,1.0,1.0,3.0,23.550000000000004,150.81327675644835,1.567632131858489,648.2421416714782
125,ferimzone,-3.2,0.0,1,254.337,3.237960000000002,78.51870000000004,19.0,4.0,1.0,4.0,3.0,98.0,2.0,0.0,0.0,2.0,50.17,113.1678245491402,2.2049454385090903,597.042681183157
126,butyraldehyde,-0.1590074228,0.0761537113999999,2,72.107,0.9854,20.971999999999998,5.0,1.0,0.0,1.0,2.0,30.0,0.0,0.0,0.0,0.0,17.07,31.99559947106314,2.4017152226171965,24.82892142331044
127,n-tridecane,-7.5936,0.0,1,184.367,5.317300000000005,62.13500000000006,13.0,0.0,0.0,0.0,10.0,80.0,0.0,0.0,0.0,0.0,0.0,85.11855640058886,2.758149818433293,66.10749561002055
128,Tin,-7.472430972100001,0.0,1,118.711,-0.3808,5.754,1.0,0.0,0.0,1.0,0.0,4.0,0.0,0.0,0.0,0.0,0.0,24.44696061217174,0.0,0.0
129,iodamide,-2.3208,0.0,1,627.9420000000002,2.793100000000001,103.37670000000004,21.0,3.0,3.0,9.0,4.0,114.0,1.0,0.0,0.0,1.0,95.5,161.78509458855092,3.5445652835027213,631.6639332347906
130,phosphamidon,0.5233,0.0,1,299.69100000000003,2.7426000000000013,69.19050000000004,18.0,5.0,0.0,8.0,7.0,106.0,0.0,0.0,0.0,0.0,65.07000000000001,112.44899538533927,5.01806028081648,359.2795397887988
131,2-pteridinone,-2.0,0.0265,2,148.125,-0.2869000000000001,37.953700000000005,11.0,4.0,1.0,5.0,0.0,54.0,2.0,0.0,0.0,2.0,71.53,61.15318167506198,2.935350797972025,435.53037088475946
132,proxicromil,-2.68,0.0,1,302.326,3.028100000000001,81.74510000000002,22.0,4.0,2.0,5.0,3.0,116.0,2.0,0.0,1.0,3.0,87.74000000000001,126.74310194136444,2.456156422353029,816.1347087478756
133,DEF,-5.14,0.2471499999999999,2,314.5220000000001,6.694400000000005,89.70450000000005,17.0,4.0,0.0,5.0,12.0,104.0,0.0,0.0,0.0,0.0,17.07,119.65829813173688,3.998982972846674,178.6432094953352
134,"2,2-bipyridine",-1.4206,0.0,1,156.188,2.1435999999999997,47.46800000000002,12.0,2.0,0.0,2.0,1.0,58.0,2.0,0.0,0.0,2.0,25.78,70.927793287454,2.457149480139045,305.2315895504568
135,divinyl ether,-1.261,0.1506499999999999,2,70.09100000000001,1.29,21.478999999999992,5.0,1.0,0.0,1.0,2.0,28.0,0.0,0.0,0.0,0.0,9.23,31.568416536157745,2.6531630746803305,32.912609383243264
136,Phenacetin  ,-2.3,0.0558349567923179,5,179.219,2.0437,51.914700000000025,13.0,2.0,1.0,3.0,3.0,70.0,1.0,0.0,0.0,1.0,38.33,77.71610109024209,2.635972640607562,279.48114931490306
137,hexacosane,-8.3339,0.0080499999999998,2,366.7180000000002,10.388599999999991,122.15600000000012,26.0,0.0,0.0,0.0,23.0,158.0,0.0,0.0,0.0,0.0,0.0,167.86280388774483,2.94691201256248,196.0782000346156
138,fervenulin,-1.9849,0.0,1,193.166,-1.5778,47.81500000000001,14.0,7.0,0.0,7.0,0.0,72.0,2.0,0.0,0.0,2.0,82.66999999999999,77.65263252644085,3.190149417965173,611.4867558573088
139,furilazole,-3.1498,0.0,1,278.135,2.7193000000000014,63.82000000000004,17.0,3.0,0.0,6.0,2.0,94.0,1.0,1.0,1.0,2.0,42.68,109.41592948433818,2.1759549794168977,402.8588593093177
140,chlorine,-1.0513,0.041342722474506,3,70.906,1.379,11.706,2.0,0.0,0.0,2.0,0.0,14.0,0.0,0.0,0.0,0.0,0.0,22.57062952123243,1.0,0.0
141,prop-2-yn-1-ol,1.2513159198,0.0,1,56.064,-0.3881000000000001,15.9188,4.0,1.0,1.0,1.0,0.0,22.0,0.0,0.0,0.0,0.0,20.23,25.262594400678047,2.4330963097956344,33.03830640231605
142,pyrimidine,1.0964,0.0,1,80.08999999999999,0.4765999999999999,22.032,6.0,2.0,0.0,2.0,0.0,30.0,1.0,0.0,0.0,1.0,25.78,35.870699081389986,3.000000000000001,77.47078006212229
143,thiamylal,-3.4585,0.0,1,254.355,1.5159999999999998,70.20240000000003,17.0,3.0,2.0,5.0,5.0,94.0,0.0,1.0,1.0,1.0,58.2,106.83972891498723,3.113648891223277,345.5171294787495
144,phenallymal,-2.18,0.0969681906606492,4,244.25,0.8664999999999998,64.61540000000002,18.0,3.0,2.0,5.0,3.0,92.0,1.0,1.0,1.0,2.0,75.27000000000001,103.87485440190714,2.560321214073008,502.2977111302937
145,zinc acetate,0.2179,0.0,1,183.478,-2.490099999999999,21.36199999999999,9.0,4.0,0.0,5.0,0.0,48.0,0.0,0.0,0.0,0.0,80.25999999999999,65.63474827159301,-7.199999951999999e-08,70.56842503028855
146,diosgenin,-7.3166,0.0,1,414.6300000000003,5.713900000000006,117.70080000000006,30.0,3.0,1.0,3.0,0.0,168.0,0.0,5.0,6.0,6.0,38.69,182.52448025999152,1.2821987670487944,736.3902102956507
147,RTI 5,-3.324,0.0,1,253.30499999999995,2.829600000000001,76.09250000000003,19.0,3.0,0.0,4.0,1.0,96.0,2.0,0.0,1.0,3.0,36.44,111.84327205101522,2.314459898588003,638.7927427712117
148,sarafloxacin,-3.13,0.0050000000000001,2,385.37000000000006,2.3767000000000005,101.503,28.0,5.0,2.0,8.0,3.0,144.0,3.0,1.0,1.0,4.0,74.57,158.17670535523928,2.0131648557301696,1120.2294594201444
149,picloram,-2.7494,0.0097,2,241.461,2.3222,50.63869999999999,13.0,3.0,2.0,7.0,1.0,70.0,1.0,0.0,0.0,1.0,76.21000000000001,88.22143844473759,3.497381360537993,380.6323805179055
150,tonalid,-5.3154,0.0,1,258.4049999999999,4.792620000000005,81.01650000000005,19.0,1.0,0.0,1.0,1.0,104.0,1.0,0.0,1.0,2.0,17.07,116.96639943877078,2.754631816447549,534.866419318812
151,melphalan,-3.49,0.0,1,305.2049999999999,1.925,79.41020000000003,19.0,3.0,2.0,6.0,8.0,106.0,1.0,0.0,0.0,1.0,66.56,122.64801059349244,2.7067949179355035,392.1346196779266
152,bentazone,-2.6817,0.0,1,240.284,1.2074999999999998,60.29000000000003,16.0,3.0,1.0,6.0,1.0,86.0,1.0,0.0,1.0,2.0,66.48,94.25271178045293,2.606555900520484,536.7500531426354
153,acetamiprid,-1.7244,0.0,1,222.679,2.06628,59.43600000000002,15.0,3.0,0.0,5.0,2.0,78.0,1.0,0.0,0.0,1.0,52.28,93.8267637368404,2.6689213373040763,390.8785697756128
154,Chlordene,-5.64,0.125,2,338.876,5.024200000000001,71.07400000000001,16.0,0.0,0.0,6.0,0.0,88.0,0.0,1.0,3.0,3.0,0.0,123.44662789373284,2.322732831937334,438.5902084254824
155,nabam,-0.1078,0.0,1,256.354,-6.162799999999998,55.93140000000001,12.0,4.0,2.0,8.0,3.0,58.0,0.0,0.0,0.0,0.0,24.06,138.7882948048726,-4.049999451000077e-07,127.01955000865388
156,vinbarbital,-2.31,0.0,1,224.26,1.1050999999999995,58.45340000000003,16.0,3.0,2.0,5.0,3.0,88.0,0.0,1.0,1.0,1.0,75.27000000000001,94.27752865342954,3.2037805931017176,351.4259647966728
157,toluene,-2.2062982993,0.0231346988532763,3,92.141,1.99502,31.17899999999999,7.0,0.0,0.0,0.0,0.0,36.0,1.0,0.0,0.0,1.0,0.0,43.79634523389357,3.0214653097240864,129.96566024533826
158,cantharidin,-3.8156,0.0,1,196.202,0.6436,45.20800000000003,14.0,4.0,0.0,4.0,0.0,76.0,0.0,3.0,3.0,3.0,52.6,81.55637125591262,2.210427288035272,318.0311611649559
159,Flumethasone,-5.613,0.0,1,410.4570000000002,1.8437,100.22340000000004,29.0,5.0,3.0,7.0,2.0,160.0,0.0,3.0,4.0,4.0,94.83,168.0373210142009,1.870214328192292,839.0592591842883
160,norgestrel,-5.2567,0.0,1,312.45300000000003,3.8826000000000023,90.49280000000005,23.0,2.0,1.0,2.0,1.0,124.0,0.0,3.0,4.0,4.0,37.3,139.2801469135596,1.6711962826978068,597.4530522903293
161,aziprotryne,-3.48,0.0662,2,225.28100000000003,2.3556,59.17270000000002,15.0,6.0,1.0,8.0,4.0,80.0,1.0,0.0,0.0,1.0,99.46,91.356809747671,3.0461652404209065,384.92513219178056
162,metolazone,-3.783,0.0364999999999999,2,365.8420000000001,2.7141199999999994,93.89840000000002,24.0,4.0,2.0,8.0,2.0,126.0,2.0,0.0,1.0,3.0,92.5,144.8175853997829,2.167413797290446,943.5789765253188
163,Basic red 1:1,-1.3909846109,0.0,1,464.9930000000003,3.8051400000000033,132.70389999999995,33.0,4.0,2.0,6.0,6.0,172.0,4.0,0.0,0.0,4.0,61.66,200.10406507752947,3.062496356212904e-06,1264.4973087394076
164,butyronitrile,-0.321,0.0077520328999999,2,69.107,1.31008,20.520999999999997,5.0,1.0,0.0,1.0,1.0,28.0,0.0,0.0,0.0,0.0,23.79,32.226657052488086,2.483699570591265,42.09986547010987
165,fluoranthene,-5.93,0.0415879255981299,3,202.256,4.487200000000003,68.37800000000003,16.0,0.0,0.0,0.0,0.0,74.0,3.0,0.0,1.0,4.0,0.0,94.16433070376698,2.312996465176316,650.310154499518
166,chipcote,-0.0821,0.0,1,241.643,0.59808,11.477,4.0,1.0,0.0,2.0,0.0,18.0,0.0,0.0,0.0,0.0,23.79,38.05157195610322,2.4330963097956344,35.79319390447952
167,nalidixic_acid,-3.61,0.2058320836669218,3,232.239,1.42302,63.373300000000015,17.0,4.0,1.0,5.0,2.0,88.0,2.0,0.0,0.0,2.0,72.19,97.33938150959052,2.946743972758102,658.5837076111416
168,isopropalin,-6.4491,0.0204500000000003,2,309.36600000000004,4.252800000000004,86.63480000000003,22.0,5.0,0.0,7.0,8.0,122.0,1.0,0.0,0.0,1.0,89.51999999999998,129.78166726426937,3.6210484465888126,516.7136957630747
169,Benzoin,-2.85,0.0,1,198.221,2.905800000000001,57.84250000000002,15.0,2.0,0.0,2.0,2.0,74.0,2.0,0.0,0.0,2.0,26.3,88.12850676950826,2.116421993117775,434.6078366577884
170,benzyl formate,-1.6731198028999998,0.0,1,136.14999999999998,1.3596,37.295000000000016,10.0,2.0,0.0,2.0,3.0,52.0,1.0,0.0,0.0,1.0,26.3,59.43635467784082,2.4987708532837547,193.6723816963364
171,tetracaine,-3.01,0.0,1,264.369,2.617000000000001,78.67620000000005,19.0,4.0,1.0,4.0,8.0,106.0,1.0,0.0,0.0,1.0,41.57,115.3006453324285,2.3945481718983954,374.236893489923
172,metosulam,-3.3204,0.0,1,418.26200000000017,2.55752,95.89350000000002,26.0,8.0,1.0,12.0,5.0,138.0,3.0,0.0,0.0,3.0,107.71,158.47314256400767,2.094464056289544,1100.4004691207454
173,isocarbamid,-2.1538,0.0,1,185.227,0.3772000000000003,48.34140000000002,13.0,2.0,2.0,5.0,2.0,74.0,0.0,1.0,1.0,1.0,61.440000000000005,77.47061691258357,2.343705379279258,215.43467881229333
174,dimethoxon,0.6712,0.0,1,213.195,0.8664999999999998,48.14920000000002,12.0,5.0,1.0,7.0,5.0,72.0,0.0,0.0,0.0,0.0,64.63000000000001,75.47212929291317,3.89250063709835,189.887241290925
175,chlorthalidone,-3.4507,0.0,1,338.7720000000001,0.9242000000000008,79.7322,22.0,4.0,3.0,8.0,2.0,114.0,2.0,0.0,1.0,3.0,109.49,131.1221012529823,2.229556596462052,897.4658924470712
176,cadmium,-4.1112934221,0.2888957083000001,2,112.412,-0.0025,0.0,1.0,0.0,0.0,1.0,0.0,0.0,0.0,0.0,0.0,0.0,0.0,27.651029333465317,0.0,0.0
177,tubercidin,-1.9515,0.0,1,266.257,-1.3750000000000009,64.94980000000002,19.0,8.0,4.0,8.0,2.0,102.0,2.0,1.0,1.0,3.0,126.65,107.62651212229626,2.035435145869755,601.3927524598979
178,diflufenzopyr,-3.7248,0.0,1,334.28200000000004,2.603700000000001,81.91970000000003,24.0,4.0,3.0,9.0,4.0,124.0,2.0,0.0,0.0,2.0,103.68,134.58144539554115,2.0951283656645523,803.8665051436037
179,mcpb-ethyl,-4.4095,0.0,1,256.729,3.3705200000000017,67.55100000000004,17.0,3.0,0.0,4.0,6.0,94.0,1.0,0.0,0.0,1.0,35.53,106.67787670621242,2.287026248481329,376.9273661561467
180,bioresmethrin,-6.0524,0.4492500000000001,2,338.44700000000006,5.1520000000000055,97.94400000000007,25.0,3.0,0.0,3.0,6.0,132.0,2.0,1.0,1.0,3.0,39.44,149.2417651062343,1.5422099361914814,763.57983714686
181,coronene,-8.83,0.25075,2,300.36,6.919200000000003,105.03600000000004,24.0,0.0,0.0,0.0,0.0,108.0,7.0,0.0,0.0,7.0,0.0,137.45846495031495,2.1132609847421806,1140.946634757434
182,5-methyluracil,-1.5187,0.0063499999999999,2,126.115,-0.6283800000000002,32.420399999999994,9.0,2.0,2.0,4.0,0.0,48.0,1.0,0.0,0.0,1.0,65.72,50.55868539587412,3.523897718994017,309.2243004823359
183,oxythioquinox,-5.3698,0.0,1,234.305,2.5746200000000004,63.805000000000014,15.0,5.0,0.0,5.0,0.0,74.0,3.0,0.0,0.0,3.0,42.85,93.05170646005595,2.5145236538247846,714.0826797621032
184,RTI 13,-4.207,0.0,1,322.29,3.5275200000000018,78.84620000000002,23.0,4.0,1.0,8.0,1.0,120.0,2.0,0.0,1.0,3.0,58.120000000000005,129.71449686854172,2.331666499118501,788.776836165183
185,Methylparaben,-1.827,0.0859293376344205,5,152.149,1.1788,39.446300000000015,11.0,3.0,1.0,3.0,1.0,58.0,1.0,0.0,0.0,1.0,46.53,64.23058843003683,2.8953480359887567,250.54461008172763
186,triallate,-4.8818,0.0,1,304.67,4.843900000000003,74.55000000000003,16.0,2.0,0.0,6.0,4.0,94.0,0.0,0.0,0.0,0.0,20.31,116.28839150147216,4.395102108176326,267.2377071841887
187,dmtt (dazomet),-1.7331,0.1984499999999999,2,162.283,0.7967,45.44900000000002,9.0,3.0,0.0,4.0,0.0,52.0,0.0,1.0,1.0,1.0,6.48,65.19474594486361,2.438362799199123,126.12640240679956
188,reserpine,-5.97,0.0,1,608.6880000000003,4.171100000000004,160.68719999999965,44.0,10.0,1.0,11.0,8.0,236.0,3.0,2.0,3.0,6.0,117.78000000000002,256.1734234680975,1.293564642858826,1526.4817827505706
189,taurine,-0.1906,0.0,1,125.14899999999996,-1.1670999999999996,25.47,7.0,3.0,2.0,5.0,2.0,44.0,0.0,0.0,0.0,0.0,80.39,42.07271984927949,3.602196822415083,125.87033355475133
190,dl-valine,-0.1971,0.0737282260447095,3,117.14799999999998,0.0543,30.44919999999999,8.0,2.0,2.0,3.0,2.0,48.0,0.0,0.0,0.0,0.0,63.32,48.49466603466847,3.637682547839839,90.42945954287092
191,phthalamide,-2.932,0.0,1,149.149,0.0011999999999999,38.40970000000001,11.0,2.0,1.0,3.0,0.0,56.0,0.0,1.0,2.0,2.0,46.17,63.77588384087439,2.365680204607201,249.81664552240943
192,suberonitrile,-1.0810922867,0.0,1,136.198,2.3741600000000007,38.928,10.0,2.0,0.0,2.0,5.0,54.0,0.0,0.0,0.0,0.0,47.58,62.079005191543246,2.8030823921911323,120.317030992143
193,isocil,-2.0604,0.0,1,247.092,1.1884199999999998,54.144700000000014,13.0,3.0,1.0,5.0,1.0,72.0,1.0,0.0,0.0,1.0,54.86,83.73103083130063,3.641474186869312,430.75065909617945
194,Dyphylline,-0.17,0.1436,2,254.246,-2.213099999999999,63.30760000000002,18.0,8.0,2.0,8.0,3.0,98.0,2.0,0.0,0.0,2.0,102.28,101.34730875133458,2.7364643675188978,696.1911960747241
195,cytosine,-1.1426,0.0086999999999999,2,111.104,-0.6479000000000001,29.2701,8.0,3.0,2.0,4.0,0.0,42.0,1.0,0.0,0.0,1.0,71.77,45.37211187844647,3.277417459528498,228.72507399518807
196,flumetralin,-6.625,0.0774499999999998,2,421.7340000000001,5.340800000000003,92.88680000000004,28.0,5.0,0.0,12.0,6.0,150.0,2.0,0.0,0.0,2.0,89.51999999999998,159.979458736937,2.725550042719448,881.3358721418774
197,glybuthiazole,-3.74,0.0,1,312.42,2.2186000000000003,80.27190000000002,20.0,6.0,2.0,8.0,3.0,108.0,2.0,0.0,0.0,2.0,97.97,121.64690735689253,2.2454848870473523,699.8037074429856
198,ethyl_acrylate,-0.74,0.0520447361497181,3,100.117,0.7355,26.829999999999988,7.0,2.0,0.0,2.0,2.0,40.0,0.0,0.0,0.0,0.0,26.3,42.78448378278237,3.172899533850818,76.14933958998697
199,cyclopentene,-2.1049144818000003,0.2621168996999998,2,68.11900000000001,1.7265,22.990999999999996,5.0,0.0,0.0,0.0,0.0,28.0,0.0,0.0,1.0,1.0,0.0,32.50358529970249,2.3238508690240813,38.0
200,dysprosium,-7.511883361000001,0.0,1,162.5,0.0,0.0,1.0,0.0,0.0,1.0,0.0,10.0,0.0,0.0,0.0,0.0,0.0,37.893576428334725,0.0,0.0
201,propachlor,-2.4806,0.2603,2,211.69200000000004,2.666800000000001,59.78400000000004,14.0,1.0,0.0,3.0,3.0,76.0,1.0,0.0,0.0,1.0,20.31,89.48073568860885,2.9490603525213714,297.4156580655714
202,lomustine,-3.37,0.0,1,233.699,2.250900000000001,58.62570000000003,15.0,3.0,1.0,6.0,4.0,86.0,0.0,1.0,1.0,1.0,61.77,94.0923089746755,2.341813687064413,219.4029963976061
203,bumetanide,-3.56,0.0,1,364.4230000000001,3.0365,94.68820000000004,25.0,5.0,3.0,8.0,8.0,134.0,2.0,0.0,0.0,2.0,118.72,146.0330377523266,2.591803585839536,850.8419702178361
204,imazalil base,-3.2178,0.0,1,297.185,4.133800000000003,77.57900000000004,19.0,3.0,0.0,5.0,6.0,100.0,2.0,0.0,0.0,2.0,27.05,121.98246243718611,2.2248663767645818,540.3839221249747
205,safranine t,-0.8462,0.0,1,350.85300000000007,0.4499400000000014,99.07980000000002,25.0,3.0,2.0,5.0,1.0,126.0,4.0,0.0,0.0,4.0,68.81,152.06385271288784,1.82249878500084e-06,1087.7380792410197
206,quinoline,-1.325093551,0.0134360731999999,2,129.16199999999998,2.2348,41.743000000000016,10.0,1.0,0.0,1.0,0.0,48.0,2.0,0.0,0.0,2.0,12.89,59.33271563217868,2.888051601657992,275.7051383449476
207,norfloxacin,-2.76,0.1,2,319.33600000000007,1.2683,85.88200000000003,23.0,5.0,2.0,7.0,3.0,122.0,2.0,1.0,1.0,3.0,74.57000000000001,131.68395997504226,2.2435848523617365,825.4107594006955
208,dinoterb,-4.7274,0.0,1,240.215,2.506100000000002,60.115600000000015,17.0,5.0,1.0,7.0,2.0,92.0,1.0,0.0,0.0,1.0,106.51,96.99135677427898,3.604925771725336,490.2050039218606
209,diphenylamine,-3.5042,0.4106099753355522,5,169.227,3.430200000000002,56.16670000000003,13.0,1.0,1.0,1.0,2.0,64.0,2.0,0.0,0.0,2.0,12.03,78.03835950916904,2.1614757505786617,315.89864866417315
210,triclopyr,-2.7656,0.0071999999999998,2,256.472,2.5052000000000003,52.39780000000001,14.0,3.0,1.0,7.0,3.0,76.0,1.0,0.0,0.0,1.0,59.42,94.36003509162836,2.866629468975876,369.4428068749835
211,azathioprine,-3.21,0.0,1,277.26900000000006,1.1458,65.6691,19.0,8.0,1.0,10.0,3.0,96.0,3.0,0.0,0.0,3.0,115.42000000000002,109.8180739719678,2.0834579657542083,764.8623146411958
212,octane,-5.2382,0.0,1,114.232,3.3668000000000022,39.05,8.0,0.0,0.0,0.0,5.0,50.0,0.0,0.0,0.0,0.0,0.0,53.29384582860581,2.53006045688352,25.019550008653876
213,Chloralose,-1.84,0.0,1,309.529,-0.4628999999999994,57.796400000000034,17.0,6.0,3.0,9.0,2.0,100.0,0.0,2.0,2.0,2.0,88.38000000000001,111.915319147301,2.0121307465624216,284.92430642566427
214,diuron,-3.7443,1.227163939382309,5,233.098,3.0869000000000018,59.167700000000025,14.0,1.0,1.0,5.0,1.0,76.0,1.0,0.0,0.0,1.0,32.34,92.6039798703053,2.781208374094021,352.6652327975252
215,3-hexyne,-2.1675,0.08875,2,82.14599999999999,1.8098,28.357999999999983,6.0,0.0,0.0,0.0,0.0,34.0,0.0,0.0,0.0,0.0,0.0,39.56318699167186,2.8986676180251862,53.84283310353014
216,warfarin,-4.78,0.4505058884804455,3,308.3330000000001,3.609600000000003,87.73180000000005,23.0,4.0,1.0,4.0,4.0,116.0,3.0,0.0,0.0,3.0,67.50999999999999,132.5520250911752,2.258072467553032,909.550972694472
217,carbon dioxide,-1.4748,0.0,1,44.009,-0.5835,5.007,3.0,2.0,0.0,2.0,0.0,16.0,0.0,0.0,0.0,0.0,34.14,17.062295227917083,3.2659863237109046,23.774437510817343
218,2-nitrotoluene,-2.3243,0.084830663535087,3,137.138,1.90322,37.83340000000001,10.0,2.0,0.0,3.0,1.0,52.0,1.0,0.0,0.0,1.0,43.14,58.44932095639337,3.1529414466808685,257.53794892648057
219,beryllium,-7.2558511787,0.0,1,9.012,-0.3808,5.754,1.0,0.0,0.0,1.0,0.0,2.0,0.0,0.0,0.0,0.0,0.0,11.332635763367923,0.0,0.0
220,acrylic acid,0.0059673299,0.5681601661,2,72.06300000000002,0.257,17.8328,5.0,1.0,1.0,2.0,1.0,28.0,0.0,0.0,0.0,0.0,37.3,29.735288076678287,3.204805417886435,55.91340299823497
221,amyl lactate,-1.2047,0.0,1,160.213,1.1006,42.164800000000014,11.0,3.0,1.0,3.0,5.0,66.0,0.0,0.0,0.0,0.0,46.53,67.36314691035246,3.178167514720856,109.9047981204597
222,ethisterone,-5.6576,0.1973524648999998,2,312.45300000000003,3.8826000000000023,90.49280000000005,23.0,2.0,1.0,2.0,0.0,124.0,0.0,3.0,4.0,4.0,37.3,139.2801469135596,1.7024099249747309,626.2430525943431
223,cafaminol,-0.6488,0.0,1,267.289,-1.600799999999999,71.55180000000003,19.0,8.0,1.0,8.0,3.0,104.0,2.0,0.0,0.0,2.0,85.28999999999999,108.67785078373852,2.8473944073478066,739.3393312866176
224,2-Mentanol  ,-0.29,0.0,1,156.269,2.439500000000001,47.34980000000002,11.0,1.0,1.0,1.0,1.0,66.0,0.0,1.0,1.0,1.0,20.23,69.81213265606581,2.5511579864899736,110.04118472439222
225,propoxyphene,-5.0097,0.0,1,339.47900000000004,4.275500000000004,102.36700000000006,25.0,3.0,0.0,3.0,8.0,134.0,2.0,0.0,0.0,2.0,29.54,151.17281946928108,2.526296518136546,654.2421416714783
226,bromoacetamide,0.0643,0.0,1,137.964,-0.1333999999999999,22.9884,5.0,1.0,1.0,3.0,1.0,30.0,0.0,0.0,0.0,0.0,43.09,38.473153544924,2.847378923087672,44.912609383243264
227,decanal,-3.7255255026,0.0,1,156.269,3.3260000000000023,48.67400000000003,11.0,1.0,0.0,1.0,8.0,66.0,0.0,0.0,0.0,0.0,17.07,70.1852521574428,2.7376715685719475,78.9419624661572
228,Carbaryl,-3.224,0.3888840423571015,5,201.225,2.5580000000000007,59.03170000000003,15.0,2.0,1.0,3.0,1.0,76.0,2.0,0.0,0.0,2.0,38.33,87.66788139318408,2.464953756163773,488.4510308012037
229,terbufos,-4.755,0.2374999999999998,2,288.44,4.506300000000004,77.33900000000004,15.0,5.0,0.0,6.0,7.0,92.0,0.0,0.0,0.0,0.0,18.46,107.17394092095088,4.018684248799224,205.8932213932792
230,biopterin,-2.5301,0.28495,2,237.219,-1.2905,59.00670000000001,17.0,7.0,4.0,8.0,2.0,90.0,2.0,0.0,0.0,2.0,138.01,95.17636621965654,2.619469435147292,609.0930819850536
231,2-methylbutane,-3.1630000000000003,0.0079072290499999,2,72.151,2.0524,25.12899999999999,5.0,0.0,0.0,0.0,1.0,32.0,0.0,0.0,0.0,0.0,0.0,34.19901948541598,2.5395388613593908,14.0
232,phthalaldehyde,-1.34,0.0,1,134.13399999999996,1.3116,37.217000000000006,10.0,2.0,0.0,2.0,2.0,50.0,1.0,0.0,0.0,1.0,34.14,58.4843315483777,3.197160395533292,226.18943338088377
233,kebuzone,-3.2676,0.0,1,322.36400000000003,2.966800000000001,91.26100000000004,24.0,3.0,0.0,5.0,5.0,122.0,2.0,1.0,1.0,3.0,57.690000000000005,140.01163063358106,2.00786058016812,701.1960723848598
234,"1,6-heptadiene",-3.3396,0.0,1,96.173,2.5287000000000006,34.24499999999999,7.0,0.0,0.0,0.0,4.0,40.0,0.0,0.0,0.0,0.0,0.0,45.54969764984068,2.679549206552144,45.05865002596162
235,flusilazole,-3.7665,0.0,1,315.399,1.9885,83.70800000000001,22.0,3.0,0.0,6.0,4.0,112.0,3.0,0.0,0.0,3.0,30.71,127.81441524955524,2.078200678591888,694.5768004074341
236,trifenmorph,-7.2168,0.0,1,329.44300000000004,4.310700000000003,101.60000000000004,25.0,2.0,0.0,2.0,4.0,126.0,3.0,1.0,1.0,4.0,12.47,149.2378498497891,2.0059566373644846,683.4323401314332
237,dimethoate,-0.9624,0.1112,2,229.263,0.9829,54.82770000000003,12.0,5.0,1.0,7.0,5.0,72.0,0.0,0.0,0.0,0.0,47.56,81.30244672165102,3.89250063709835,191.13235378876152
238,Sparteine,-1.89,0.0,1,234.38699999999997,2.3451000000000004,70.02100000000006,17.0,2.0,0.0,2.0,0.0,96.0,0.0,4.0,4.0,4.0,6.48,105.34478335567192,1.561157944784887,262.6464070845272
239,oxocalcium,-1.7683268794999998,0.8662676474479235,3,56.077000000000005,-0.4996,6.440499999999999,2.0,1.0,0.0,2.0,0.0,8.0,0.0,0.0,0.0,0.0,17.07,37.06721303913179,2.0,2.0
240,RTI 17,-4.706,0.0,1,269.373,3.3649000000000022,83.46200000000003,19.0,3.0,0.0,4.0,1.0,96.0,2.0,0.0,1.0,3.0,19.37,118.04053019817631,2.314459898588003,638.7927427712117
241,tifatol,-3.1630000000000003,0.0,1,218.325,2.9358400000000016,64.42900000000003,15.0,3.0,0.0,3.0,1.0,78.0,2.0,0.0,0.0,2.0,17.29,93.54862889256428,2.5316185163773577,534.5503021995
242,fluorescein,-3.8226,0.7463,2,332.31100000000004,3.6658000000000026,88.0271,25.0,5.0,2.0,5.0,0.0,122.0,3.0,0.0,2.0,5.0,75.99000000000001,142.24089351680936,1.9124059346588247,1002.2022048152164
243,norbormide,-3.931,0.0,1,511.5810000000002,4.289400000000002,145.57149999999982,39.0,5.0,2.0,6.0,5.0,190.0,4.0,2.0,3.0,7.0,92.18,225.32678556888007,1.5262365013211197,1552.141814164965
244,tropacocaine,-2.369,0.1048500000000001,2,245.322,2.4686000000000003,69.45250000000004,18.0,3.0,0.0,3.0,2.0,96.0,1.0,2.0,2.0,3.0,29.54,107.73912084176204,1.629075096497469,417.37955886516
245,difenoconazole,-4.91,0.2386500000000002,2,406.2690000000001,4.665500000000004,101.17700000000002,27.0,6.0,0.0,8.0,5.0,140.0,3.0,1.0,1.0,4.0,58.400000000000006,166.1385205302702,1.6193497515069293,918.4591276990244
246,hexane,-3.9441703352,0.0525862260855453,3,86.178,2.5866000000000007,29.81599999999998,6.0,0.0,0.0,0.0,3.0,38.0,0.0,0.0,0.0,0.0,0.0,40.563961599812586,2.3390923149762908,12.0
247,pronamide,-4.2324,0.0,1,256.13199999999995,3.1350000000000016,66.84020000000002,16.0,1.0,1.0,4.0,2.0,84.0,1.0,0.0,0.0,1.0,29.1,104.93819793515104,2.9422622687262594,440.32683161976377
248,oxocobalt,-5.798391069,1.3131121609170533,16,74.932,-0.1213,0.6865,2.0,1.0,0.0,2.0,0.0,15.0,0.0,0.0,0.0,0.0,17.07,20.447359628319397,2.0,2.0
249,cis-platin,-2.0741,0.0,1,300.046,-5.670500000000001,10.0442,5.0,2.0,2.0,5.0,0.0,40.0,0.0,0.0,0.0,0.0,70.0,58.334253084677066,-0.0,7.609640474436813
250,ammonia,1.4518068893,0.029165463768454,4,17.031,0.1619999999999999,5.0221,1.0,1.0,1.0,1.0,0.0,8.0,0.0,0.0,0.0,0.0,35.0,7.50422812385033,0.0,0.0
251,amobarbital,-2.5743,0.0776909690161389,3,226.276,1.1849999999999998,58.47740000000003,16.0,3.0,2.0,5.0,4.0,90.0,0.0,1.0,1.0,1.0,75.27000000000001,94.9671316856138,2.8717018629932234,303.19136469282626
252,quinamine,-2.6706,0.0,1,312.41300000000007,2.3127000000000004,89.03350000000005,23.0,4.0,2.0,4.0,2.0,122.0,1.0,4.0,5.0,6.0,44.73,136.680197795866,1.570266042750253,662.5246273909811
253,butanethiol,-2.1792,0.0,1,90.191,1.7163,28.76099999999999,5.0,1.0,1.0,1.0,2.0,32.0,0.0,0.0,0.0,0.0,0.0,38.9891440344211,2.19060968716425,11.119415478763749
254,sufentanil,-3.7064,0.0,1,386.5610000000001,4.214800000000004,112.52300000000008,27.0,4.0,0.0,5.0,8.0,146.0,2.0,1.0,1.0,3.0,32.78,166.29706948515997,1.735187904680074,694.3675613200569
255,ditolyl ether,-4.8439277143,0.0,1,198.265,4.095740000000003,62.43200000000004,15.0,1.0,0.0,1.0,2.0,76.0,2.0,0.0,0.0,2.0,9.23,90.33192678386108,2.3021843604815557,416.9008090804893
256,1-Propanol,0.62,0.30055,2,60.096,0.3887,17.376800000000003,4.0,1.0,1.0,1.0,1.0,26.0,0.0,0.0,0.0,0.0,20.23,26.26336900881878,1.9747448713915892,5.245112497836532
257,piperophos,-4.1504,0.0,1,353.4900000000001,4.198300000000004,94.25500000000004,21.0,5.0,0.0,7.0,9.0,124.0,0.0,1.0,1.0,1.0,38.77,137.79106608428663,2.500832468781038,356.1282826724072
258,pipemidic acid,-2.974,0.0,1,303.32200000000006,-0.0807999999999991,81.51400000000002,22.0,7.0,2.0,8.0,3.0,116.0,2.0,1.0,1.0,3.0,100.35,125.957720534009,2.168642932607111,779.8773504105488
259,bromobenzene,-2.568561457,0.0314384916929601,4,157.01,2.4491000000000005,34.142,7.0,0.0,0.0,1.0,0.0,36.0,1.0,0.0,0.0,1.0,0.0,51.298950725138326,3.0214653097240864,134.10736969541455
260,salinazid,-3.6835,0.0,1,241.25,0.8950000000000001,66.20890000000001,18.0,4.0,2.0,5.0,3.0,90.0,1.0,0.0,1.0,2.0,71.09,103.88885235307292,1.9135277150001917,544.6146011340021
261,secbumeton,-2.575,0.0073,2,225.296,1.5223999999999998,63.918400000000034,16.0,6.0,2.0,6.0,6.0,90.0,1.0,0.0,0.0,1.0,71.96000000000001,95.8582114598357,2.852731013715871,330.9854695248083
262,noscapine,-3.1393,0.0,1,413.4260000000003,2.881800000000001,105.89450000000004,30.0,8.0,0.0,8.0,4.0,158.0,2.0,0.0,3.0,5.0,75.69000000000001,173.72305215622788,1.685229023858012,1034.8766093427323
263,butyl lactate,-0.5629,0.0,1,146.18599999999998,0.7104999999999999,37.5478,10.0,3.0,1.0,3.0,4.0,60.0,0.0,0.0,0.0,0.0,46.53,60.99820479595584,3.222476034247819,99.02434166397532
264,Doramectin,-7.5558815137,0.0,1,899.1279999999997,5.911600000000007,234.42539999999903,64.0,14.0,3.0,14.0,7.0,358.0,0.0,5.0,8.0,8.0,170.05999999999997,378.80642589580856,1.0810089105038068,1787.630132042587
265,1-bromopropane,-1.7107562487,0.0142593936501672,3,122.993,1.7913,24.08499999999999,4.0,0.0,0.0,1.0,1.0,26.0,0.0,0.0,0.0,0.0,0.0,35.33668286226413,1.9747448713915892,5.245112497836532
266,lactitol,0.2872,0.0,1,344.31300000000005,-5.761199999999992,70.83220000000004,23.0,11.0,9.0,11.0,8.0,138.0,0.0,1.0,1.0,1.0,200.53,131.1229773614409,2.885103446656517,340.96862717564704
267,Flucytosine,-0.972,0.0480964561799262,3,129.09399999999997,-0.5088000000000001,29.228100000000005,9.0,3.0,2.0,5.0,0.0,48.0,1.0,0.0,0.0,1.0,71.77,49.53764728137271,3.3360928870055955,268.7604122853712
268,beta-peltatin,-4.5035,0.0,1,414.41000000000025,2.623900000000001,103.81380000000004,30.0,8.0,1.0,8.0,4.0,158.0,2.0,1.0,3.0,5.0,92.68,172.7574522382205,1.7455842376920236,1005.278093797136
269,1-iodoheptane,-4.8102,0.0,1,226.101,3.3918000000000026,47.64600000000003,8.0,0.0,0.0,1.0,5.0,50.0,0.0,0.0,0.0,0.0,0.0,66.19074183525284,2.53006045688352,29.368065554250645
270,dodecanal,-5.0614595476,0.0,1,184.323,4.106200000000003,57.90800000000005,13.0,1.0,0.0,1.0,10.0,78.0,0.0,0.0,0.0,0.0,17.07,82.91513638623603,2.7919988397452453,99.29759899884874
271,RTI 23,-5.153,0.0,1,283.331,3.122320000000001,82.60120000000003,21.0,4.0,1.0,5.0,2.0,108.0,2.0,0.0,1.0,3.0,54.46,123.11178790832338,2.2842209953458767,712.6634312277487
272,coumaphos,-5.3835,0.4282500000000002,2,362.7710000000001,4.431120000000004,90.39600000000004,22.0,6.0,0.0,8.0,6.0,120.0,2.0,0.0,0.0,2.0,57.900000000000006,137.92794716588332,2.43202137459269,778.6322379127124
273,trietazine,-4.0601,0.0,1,229.715,1.803,62.56170000000003,15.0,5.0,1.0,6.0,5.0,84.0,1.0,0.0,0.0,1.0,53.940000000000005,94.89296182940924,2.9607316091961065,313.37105540415854
274,nitenpyram,0.4918,0.0,1,270.72,1.8519,69.46810000000002,18.0,5.0,1.0,7.0,6.0,98.0,1.0,0.0,0.0,1.0,71.30000000000001,110.41703855783176,2.8301187124217244,433.174282492114
275,beta-eucaine,-1.922,0.0,1,247.338,2.762500000000001,71.55620000000005,18.0,3.0,1.0,3.0,2.0,98.0,1.0,1.0,1.0,2.0,38.33,108.53498050869592,1.992713838076204,413.76159501340936
276,glyphosine,-0.0256,0.0728,2,263.079,-1.3566000000000005,48.16400000000002,15.0,4.0,5.0,11.0,6.0,90.0,0.0,0.0,0.0,0.0,155.6,84.65248273494227,4.525410345249786,292.6033589341277
277,"1,2,4-triazole",1.0058274476,0.0091124100999999,2,69.067,-0.1952999999999999,16.3827,5.0,2.0,1.0,3.0,0.0,26.0,1.0,0.0,0.0,1.0,41.57,29.04831307080901,3.1250000000000004,61.369930610534254
278,"2,3',4',5-pcb",-6.8526,0.1987000000000001,2,291.992,5.967200000000002,71.918,16.0,0.0,0.0,4.0,1.0,82.0,2.0,0.0,0.0,2.0,0.0,113.70156223308769,2.5794829348325483,534.5371240740591
279,RTI 7,-3.535,0.6319999999999997,2,255.292,3.2071000000000023,73.34150000000002,19.0,1.0,0.0,3.0,2.0,96.0,2.0,0.0,1.0,3.0,20.31,111.0293258027916,2.1831182136321763,623.6509276194483
280,p-bromophenol,-1.092,0.046,2,173.009,2.1547,35.80680000000001,8.0,1.0,1.0,2.0,0.0,42.0,1.0,0.0,0.0,1.0,20.23,56.09318447733433,3.0324555320336755,147.38833891467198
281,RTI 24,-5.36,0.0,1,273.723,3.458700000000001,76.32220000000002,19.0,3.0,1.0,5.0,1.0,96.0,2.0,0.0,1.0,3.0,45.23,115.57162467690496,2.2683240416965518,656.8893784000563
282,cholic acid,-3.3682,0.0,1,408.5790000000002,3.4487000000000023,110.03720000000008,29.0,4.0,4.0,5.0,4.0,166.0,0.0,4.0,4.0,4.0,97.99,174.44805215366245,1.6063269488351186,636.7605586006101
283,tetryl,-3.5889,0.0,1,287.144,1.0391,61.802599999999984,20.0,8.0,0.0,13.0,5.0,106.0,1.0,0.0,0.0,1.0,175.79999999999998,108.1382178143311,3.769454572555376,592.636916840488
284,propranolol,-3.6202,0.2117923721215872,3,259.34900000000005,2.577500000000001,78.58850000000005,19.0,3.0,2.0,3.0,6.0,102.0,2.0,0.0,0.0,2.0,41.49,113.76036150292278,1.977941782307114,519.6427894422642
285,plumbanone,-3.5023551324,0.0,1,223.199,-0.4996,6.440499999999999,2.0,1.0,0.0,2.0,0.0,10.0,0.0,0.0,0.0,0.0,17.07,28.82298984976956,2.0,2.0
286,pravastatin,-3.35,0.0,1,406.5190000000002,2.920300000000001,107.68060000000006,29.0,6.0,2.0,6.0,6.0,162.0,0.0,1.0,3.0,3.0,93.06000000000002,172.509880183092,1.7401695799133003,668.2792104798422
287,ethenylbenzene,-2.5552696161000004,0.1048084297292434,7,104.15199999999996,2.3296,36.53300000000001,8.0,0.0,0.0,0.0,1.0,40.0,1.0,0.0,0.0,1.0,0.0,49.47168431610592,2.991046914684621,162.65300142116237
288,"1,6-heptadiyne",-1.747,0.0,1,92.141,1.4231,31.51699999999999,7.0,0.0,0.0,0.0,2.0,36.0,0.0,0.0,0.0,0.0,0.0,44.92735449792773,2.7683855790457867,84.18716785960169
289,thiamphenicol,-2.15,0.0,1,356.2270000000001,0.4043000000000002,79.02210000000002,21.0,5.0,3.0,9.0,6.0,118.0,1.0,0.0,0.0,1.0,103.70000000000002,132.1528384294704,2.9005153152498657,588.1702785757096
290,Methyl_Laurate,-4.69,0.1243421450000004,2,214.34899999999996,4.080300000000004,63.860000000000056,15.0,2.0,0.0,2.0,10.0,90.0,0.0,0.0,0.0,0.0,26.3,94.39362373013952,2.954539891476961,143.47137920080513
291,iprobenfos,-2.8579,0.0,1,288.349,4.877900000000004,77.78550000000006,18.0,4.0,0.0,5.0,7.0,102.0,1.0,0.0,0.0,1.0,35.53,113.5477234441186,2.640460092253913,378.48264694846
292,methylglyoxime,-0.35,0.0,1,102.093,0.2965,25.174,7.0,4.0,2.0,4.0,1.0,40.0,0.0,0.0,0.0,0.0,65.18,40.756324731691,3.582450056473691,97.10802962390817
293,hydroxylamine,-0.763033718,0.861297999541175,7,33.03,-0.6657000000000002,5.9739,2.0,2.0,2.0,2.0,0.0,14.0,0.0,0.0,0.0,0.0,46.25,12.462471862119653,1.0,2.0
294,dicryl,-4.4325,0.0,1,230.094,3.508000000000002,59.90570000000002,14.0,1.0,1.0,4.0,2.0,74.0,1.0,0.0,0.0,1.0,29.1,92.51948528231428,2.831519833414496,387.7084301263921
295,icosan-1-ol,-5.4750243489,0.0,1,298.55499999999995,7.020400000000008,95.86580000000008,21.0,1.0,1.0,1.0,18.0,128.0,0.0,0.0,0.0,0.0,20.23,134.46738495356115,2.901443984538413,149.221349491463
296,prazosin,-5.09,0.0,1,383.4080000000002,1.7845999999999995,103.87890000000002,28.0,8.0,1.0,9.0,4.0,146.0,3.0,1.0,1.0,4.0,106.95,161.20072132699005,1.5561913356619823,997.2266742298812
297,valsartan,-4.2,0.0,1,435.5280000000001,4.161700000000002,121.38650000000008,32.0,5.0,2.0,8.0,10.0,168.0,3.0,0.0,0.0,3.0,112.07000000000002,187.21053148154263,1.8705600872018624,1032.0529522380773
298,papaverine,-3.87,0.79,2,339.3910000000001,3.860000000000003,97.19900000000004,25.0,5.0,0.0,5.0,6.0,130.0,3.0,0.0,0.0,3.0,49.81,146.6687013282533,2.03987108374421,892.2437032331906
299,acetone,1.236,0.0,1,58.080000000000005,0.5952999999999999,16.355,4.0,1.0,0.0,1.0,0.0,24.0,0.0,0.0,0.0,0.0,17.07,25.63065735666653,2.8030394876740514,26.264662506490403
300,acetylene,-1.3364263766,0.8132131883,2,26.038,0.2493999999999999,9.89,2.0,0.0,0.0,0.0,0.0,10.0,0.0,0.0,0.0,0.0,0.0,14.103418534085428,3.0,4.754887502163469
301,cycloheptane,-3.5149,0.0,1,98.189,2.730700000000001,32.31899999999998,7.0,0.0,0.0,0.0,0.0,42.0,0.0,1.0,1.0,1.0,0.0,45.92307256067998,2.0416666666666665,19.651484454403228
302,1-nitropentane,-1.9548,0.0,1,117.148,1.4533,31.386399999999988,8.0,2.0,0.0,3.0,4.0,48.0,0.0,0.0,0.0,0.0,43.14,48.85199520791578,2.822354554248032,72.82892142331043
303,indoprofen,-4.72,0.0,1,281.31100000000004,3.0351000000000017,79.44830000000005,21.0,2.0,1.0,4.0,3.0,106.0,2.0,0.0,1.0,3.0,57.61,122.18448836650174,1.8662912801910776,706.2300893568544
304,tirpate,-2.3698,0.0,1,234.346,1.9129,61.94870000000003,14.0,5.0,1.0,6.0,2.0,80.0,0.0,1.0,1.0,1.0,50.69,92.20852522430384,2.3910140355400618,247.49577839754264
305,triallylamine,-1.7395,0.0,1,137.22599999999997,1.8464,47.03100000000003,10.0,1.0,0.0,1.0,6.0,56.0,0.0,0.0,0.0,0.0,3.24,63.34981251665301,3.5761876073373,92.12223629333104
306,probucol,-8.17,0.0,1,516.8570000000004,9.908299999999995,156.80659999999975,35.0,4.0,2.0,4.0,4.0,196.0,2.0,0.0,0.0,2.0,40.46,223.2570850542191,2.749951805766159,913.6082582149352
307,oxadixyl,-1.913,0.0,1,278.30800000000005,1.6500399999999995,73.33200000000004,20.0,4.0,0.0,6.0,4.0,108.0,1.0,1.0,1.0,2.0,59.080000000000005,117.3850469008836,2.4550407904661133,509.6552304137705
308,nitriloborane,-6.394784279,0.0,1,24.819,-0.36572,7.478999999999999,2.0,1.0,0.0,2.0,0.0,8.0,0.0,0.0,0.0,0.0,23.79,13.910622059767006,3.0,6.754887502163469
309,alanycarb,-4.3005,0.0,1,399.5380000000002,3.7698000000000023,106.56100000000004,26.0,8.0,0.0,9.0,9.0,144.0,1.0,0.0,0.0,1.0,71.44,162.8819044346933,2.669288541412365,598.9306006286
310,halfenprox,-9.9799,0.0,1,477.3450000000001,7.297300000000005,116.58400000000005,30.0,3.0,0.0,6.0,9.0,158.0,3.0,0.0,0.0,3.0,27.69,183.2744983180192,1.553677539900025,938.6697946724548
311,methoxymethane,0.8843659201,0.44440493135,2,46.069,0.2626,12.933000000000002,3.0,1.0,0.0,1.0,0.0,20.0,0.0,0.0,0.0,0.0,9.23,20.21773837173304,1.6329931618554523,2.754887502163468
312,1-heptene,-3.732,0.0,1,98.189,2.752700000000001,34.338999999999984,7.0,0.0,0.0,0.0,4.0,42.0,0.0,0.0,0.0,0.0,0.0,46.23930068202493,2.558780869327957,37.30296890880646
313,3-chlorophenol,-0.71,0.0079499999999999,2,128.558,2.0456,33.1168,8.0,1.0,1.0,2.0,0.0,42.0,1.0,0.0,0.0,1.0,20.23,52.52890309857465,3.077660437970554,168.38833891467198
314,Alloxan,-1.25,0.0,1,142.07,-2.0785,26.6884,10.0,4.0,2.0,6.0,0.0,52.0,0.0,1.0,1.0,1.0,92.34,54.57405898488128,2.859596151921569,221.64214629221044
315,aspidospermine,-1.3269,0.0,1,354.4940000000001,3.7264000000000026,102.79000000000006,26.0,3.0,0.0,4.0,2.0,140.0,1.0,3.0,4.0,5.0,32.78,156.04188700568315,1.7705855206035035,762.5091846085681
316,captan,-4.7704,0.0,1,300.5940000000001,2.913500000000001,65.08800000000001,16.0,3.0,0.0,7.0,1.0,88.0,0.0,1.0,2.0,2.0,37.38,112.20868669068936,2.179857528512065,340.2558236666764
317,fenitrothion,-4.04,0.1794359124218633,3,277.238,2.7993200000000007,66.76440000000001,17.0,6.0,0.0,8.0,5.0,94.0,1.0,0.0,0.0,1.0,70.83000000000001,103.8997689769202,2.9896494871249084,470.4540594465827
318,imazaquine,-3.72,0.0905000000000002,2,311.34100000000007,2.2241,86.62500000000006,23.0,4.0,2.0,6.0,3.0,118.0,2.0,0.0,1.0,3.0,91.65,132.80888401557405,2.2157870607489283,857.2824566629206
319,arecoline,0.8091,0.0,1,155.197,0.4213,42.213000000000015,11.0,3.0,0.0,3.0,1.0,62.0,0.0,0.0,1.0,1.0,29.54,66.63331264264632,2.573324204324121,186.5310795617182
320,octan-1-ol,-2.6375931207,0.2613764444365122,6,130.23100000000002,2.3392000000000013,40.4618,9.0,1.0,1.0,1.0,6.0,56.0,0.0,0.0,0.0,0.0,20.23,58.08807958080182,2.595082706793886,37.83229392178728
321,nitrobenzene,-1.8,0.0217564096362481,4,123.11099999999996,1.5948,33.0964,9.0,2.0,0.0,3.0,1.0,46.0,1.0,0.0,0.0,1.0,43.14,52.08437884199676,2.981454614041131,207.5576620543373
322,diazinon,-3.8813,0.1206499999999999,2,304.35200000000003,3.5847200000000026,79.02300000000004,19.0,6.0,0.0,7.0,7.0,108.0,1.0,0.0,0.0,1.0,53.47,119.51079978829642,2.9903765648588534,458.2877596147708
323,sulfotepp,-4.0312,0.0,1,322.3250000000001,3.5980000000000025,76.15900000000005,17.0,7.0,0.0,9.0,10.0,104.0,0.0,0.0,0.0,0.0,46.150000000000006,113.62142818256616,4.786871873258736,251.64012554421817
324,Aldosterone,-3.85,0.0,1,360.4500000000001,2.0031,92.88160000000003,26.0,5.0,2.0,5.0,2.0,142.0,0.0,4.0,5.0,5.0,83.83000000000001,153.34439144991777,1.5726277301675071,698.5150061435747
325,dialifos,-5.85,0.24505,2,393.85400000000016,3.878200000000003,96.57800000000005,23.0,6.0,0.0,9.0,8.0,126.0,1.0,0.0,1.0,2.0,55.84,149.12329593089646,2.2686239942524744,612.4193667711982
326,chloroethane,-1.0507488092,0.0,1,64.515,1.2451,16.394000000000002,3.0,0.0,0.0,1.0,0.0,20.0,0.0,0.0,0.0,0.0,0.0,25.407459369107837,1.6329931618554523,2.754887502163468
327,thiodicarb,-4.0055,0.1317500000000002,2,354.4790000000001,3.079200000000002,89.32700000000003,21.0,9.0,0.0,11.0,4.0,120.0,0.0,0.0,0.0,0.0,83.8,136.43233912493596,4.332318493400809,392.52587049857226
328,propyne,-1.0417,0.3158500000000001,2,40.065000000000005,0.6395,14.507,3.0,0.0,0.0,0.0,0.0,16.0,0.0,0.0,0.0,0.0,0.0,20.46836064848204,2.475534205527556,21.509775004326936
329,5-aminouracil,-2.41,0.0,1,127.103,-1.3546000000000002,32.0958,9.0,3.0,3.0,5.0,0.0,48.0,1.0,0.0,0.0,1.0,91.74,49.53363397849023,3.523897718994017,310.0790534546092
330,1-butyne,-1.2753,0.01765,2,54.09199999999999,1.0295999999999998,19.124,4.0,0.0,0.0,0.0,0.0,22.0,0.0,0.0,0.0,0.0,0.0,26.833302762878645,2.4330963097956344,29.793193904479523
331,"1,8-nonadiyne",-2.983,0.0,1,120.195,2.2033000000000005,40.75100000000001,9.0,0.0,0.0,0.0,4.0,48.0,0.0,0.0,0.0,0.0,0.0,57.65723872672096,2.787167523586374,103.95418659385768
332,stannanethione,-8.4059550501,0.0,1,152.79399999999998,-0.268,16.134999999999998,2.0,1.0,0.0,2.0,0.0,12.0,0.0,0.0,0.0,0.0,0.0,30.108170370097348,2.0,2.0
333,acridine,-3.6691,0.0,1,179.22199999999998,3.3880000000000017,59.24900000000002,14.0,1.0,0.0,1.0,0.0,66.0,3.0,0.0,0.0,3.0,12.89,82.0143801639139,2.5237326453890008,493.95635116211264
334,omeprazole,-4.28,0.0,1,345.42400000000004,2.8997400000000013,93.02110000000005,24.0,5.0,1.0,7.0,5.0,126.0,3.0,0.0,0.0,3.0,77.10000000000001,142.2446734747762,1.9005728339415109,920.8299213789109
335,thiourea,0.188516266,0.1022514542918446,6,76.124,-0.8113000000000001,20.972800000000007,4.0,1.0,2.0,3.0,0.0,24.0,0.0,0.0,0.0,0.0,52.04,29.77781266905986,2.8030394876740514,29.019550008653876
336,1-hexen-3-ol,-0.5993,0.0,1,100.161,1.3334,31.111799999999985,7.0,1.0,1.0,1.0,3.0,42.0,0.0,0.0,0.0,0.0,20.23,44.66859231982434,2.9843602328703267,50.14170945007629
337,Gentisin,-2.93,0.0,1,258.229,2.3660000000000005,69.87160000000002,19.0,5.0,2.0,5.0,1.0,96.0,3.0,0.0,0.0,3.0,79.9,106.82802595531572,2.535625283895241,847.6893313378117
338,dexclamol,-3.81,0.0,1,347.502,4.454700000000004,105.47080000000004,26.0,2.0,1.0,2.0,1.0,136.0,2.0,1.0,3.0,5.0,23.47,156.40437666013196,1.6474924840993936,841.8543295395857
339,abietic acid,-3.7959,0.0,1,302.458,5.206200000000004,89.53580000000007,22.0,1.0,1.0,2.0,2.0,122.0,0.0,1.0,3.0,3.0,37.3,134.23220752864867,1.998747240485634,541.9104984355639
340,doxepin,-3.4,0.0,1,279.383,3.9624000000000033,87.46600000000005,21.0,2.0,0.0,2.0,3.0,108.0,2.0,0.0,1.0,3.0,12.47,126.22103684033402,2.0659497027232017,608.6208590133427
341,dimefox,0.8121,0.0,1,154.125,1.1872,36.0885,9.0,1.0,0.0,5.0,2.0,56.0,0.0,0.0,0.0,0.0,23.550000000000004,55.04363954672382,4.208996984237657,124.5293250129808
342,allobarbital,-2.0608,0.0096,2,208.217,0.491,53.74240000000002,15.0,3.0,2.0,5.0,4.0,80.0,0.0,1.0,1.0,1.0,75.27000000000001,87.22298350684868,3.0712067017858526,314.5766636881138
343,1-bromoheptane,-4.431,0.0,1,179.101,3.351700000000002,42.55300000000001,8.0,0.0,0.0,1.0,5.0,50.0,0.0,0.0,0.0,0.0,0.0,60.79645131985056,2.53006045688352,29.368065554250645
344,hydroquinine,-3.0514,0.0,1,326.4400000000001,3.3972000000000024,95.12080000000006,24.0,4.0,1.0,4.0,4.0,128.0,2.0,3.0,3.0,5.0,45.59,143.00302923538916,1.6755568373637346,732.650671102026
345,silicon,-5.6631600565,1.473177123959093,4,28.086,-0.3808,5.754,1.0,0.0,0.0,1.0,0.0,4.0,0.0,0.0,0.0,0.0,0.0,12.14199463402282,0.0,0.0
346,acetanilide,-1.33,0.0410582513022656,3,135.16599999999997,1.645,40.74570000000002,10.0,1.0,1.0,2.0,1.0,52.0,1.0,0.0,0.0,1.0,29.1,59.872671631941984,2.6742416022951265,217.9590174505521
347,mebutamate,-2.366,0.0,1,232.27999999999997,1.2294000000000005,58.63280000000003,16.0,4.0,2.0,6.0,6.0,94.0,0.0,0.0,0.0,0.0,104.64,95.25364611052574,4.466411108446044,237.2035843944632
348,tetradecanol,-5.837000000000001,0.0,1,214.393,4.678200000000004,68.14180000000006,15.0,1.0,1.0,1.0,11.0,92.0,0.0,0.0,0.0,0.0,20.23,96.27773226718148,2.977345817787324,111.90632784293422
349,fenothiocarb,-3.9266,0.0,1,253.367,3.2604000000000024,72.71200000000005,17.0,3.0,0.0,4.0,6.0,94.0,1.0,0.0,0.0,1.0,29.540000000000003,107.1440089453925,2.0013910130846315,327.45116411809533
350,phenytoin,-3.99,0.0887733203164103,5,252.273,1.7695999999999998,70.33840000000004,19.0,2.0,2.0,4.0,2.0,94.0,2.0,1.0,1.0,3.0,58.2,110.00026108252524,2.2308361050041703,583.608538383389
351,isoxaflutole,-4.7631,0.0,1,359.32500000000005,3.205300000000002,76.46430000000002,24.0,5.0,0.0,9.0,4.0,128.0,2.0,1.0,1.0,3.0,77.24,134.92117909981312,2.129294423184917,911.0406501389996
352,pyributicarb,-6.013999999999999,0.0,1,330.45300000000015,4.187800000000004,97.56000000000004,23.0,4.0,0.0,5.0,3.0,122.0,2.0,0.0,0.0,2.0,34.59,142.6084444837058,2.148641347800913,695.4160953684072
353,lovastatin,-6.01,0.0,1,404.54700000000025,4.195500000000004,110.83780000000009,29.0,5.0,1.0,5.0,6.0,162.0,0.0,1.0,3.0,3.0,72.83,174.08058854529264,1.7401695799133003,666.1821699817359
354,zidovudine,-1.16,0.0,1,267.245,-0.1962800000000001,64.60650000000003,19.0,6.0,2.0,9.0,3.0,102.0,1.0,1.0,1.0,2.0,133.07999999999998,106.62903730140096,2.3418569370217903,629.5425620141572
355,thiotepa,0.0018,0.0,1,189.224,0.1577000000000001,49.00400000000002,11.0,1.0,0.0,5.0,3.0,62.0,0.0,3.0,3.0,3.0,9.03,72.11451460594036,1.8804038385945927,193.94279476994836
356,4-heptylphenol,-3.6597017052,0.0,1,192.302,3.9051000000000022,60.56980000000005,14.0,1.0,1.0,1.0,6.0,78.0,1.0,0.0,0.0,1.0,20.23,86.78023167246926,2.150399394372396,237.9174050049824
357,imipramine,-4.187,0.0,1,280.415,3.875000000000002,90.46900000000008,21.0,2.0,0.0,2.0,4.0,110.0,2.0,0.0,1.0,3.0,6.48,127.55692831321478,1.946085728189517,556.5202782227693
358,butenachlor,-4.0287,0.0,1,309.837,3.9334000000000033,89.03700000000005,21.0,2.0,0.0,4.0,8.0,116.0,1.0,0.0,0.0,1.0,29.54,132.0943305723111,3.0947991300608138,463.428493989665
359,ethylbenzene,-2.77,0.0301260579600668,3,106.168,2.249000000000001,35.82,8.0,0.0,0.0,0.0,1.0,42.0,1.0,0.0,0.0,1.0,0.0,50.16128734829018,2.8320858350070903,141.38429890473827
360,bifenthrin,-6.6262,0.0,1,422.8740000000001,6.662420000000005,107.163,29.0,2.0,0.0,6.0,5.0,154.0,2.0,1.0,1.0,3.0,26.3,172.88236616342118,1.704911755724789,932.8842878795632
361,perylene,-8.7,0.0499499999999999,2,252.316,5.737200000000003,87.65200000000004,20.0,0.0,0.0,0.0,0.0,92.0,5.0,0.0,0.0,5.0,0.0,116.13708612657338,2.317610822177941,917.0049697160238
362,prometryne,-3.8642,0.1178999999999999,2,241.364,2.2341,69.12540000000003,16.0,6.0,2.0,6.0,5.0,90.0,1.0,0.0,0.0,1.0,62.73,100.86777625569404,2.911011564812741,311.7313157250365
363,fluoromethane,-0.1758743764999999,0.0,1,34.033,0.5857,7.032,2.0,0.0,0.0,1.0,0.0,14.0,0.0,0.0,0.0,0.0,0.0,12.904786430755784,1.0,2.0
364,2-ethylhexanal,-2.2628407967,0.1527937859320327,6,128.21499999999995,2.401700000000001,39.37,9.0,1.0,0.0,1.0,5.0,54.0,0.0,0.0,0.0,0.0,17.07,57.45536792864956,3.1954118462751677,68.96788691072804
365,cephradine,-1.22,0.0,1,349.41200000000015,0.3486000000000002,89.79090000000004,24.0,5.0,3.0,8.0,4.0,128.0,0.0,1.0,3.0,3.0,112.73000000000002,143.1785768151549,1.6784524742148712,697.4360923398415
366,oxomanganese,-4.921453892,0.0,1,70.937,-0.1213,0.6865,2.0,1.0,0.0,2.0,0.0,13.0,0.0,0.0,0.0,0.0,17.07,20.67942235663529,2.0,2.0
367,neburon,-4.7584,0.0057999999999998,2,275.179,4.257200000000004,73.01870000000004,17.0,1.0,1.0,5.0,4.0,94.0,1.0,0.0,0.0,1.0,32.34,111.69880621349512,2.579597123413285,396.0920604590611
368,dipropalin,-2.9663,0.0,1,281.312,3.437820000000002,77.28280000000002,20.0,5.0,0.0,7.0,7.0,110.0,1.0,0.0,0.0,1.0,89.51999999999998,117.05178303547618,3.519592130740869,475.3328869044959
369,tebupirimfos,-4.7626,0.0,1,318.3790000000001,3.8389000000000033,83.49200000000005,20.0,6.0,0.0,7.0,6.0,114.0,1.0,0.0,0.0,1.0,53.47,125.87574190269302,2.868246661051728,471.49976697015273
370,daimuron,-5.3495,0.0,1,268.36,4.051820000000003,82.80140000000004,20.0,1.0,2.0,3.0,3.0,104.0,2.0,0.0,0.0,2.0,41.13,119.57445436480393,2.0209285915556108,573.6988161984985
371,uniconazole,-4.5403,0.0,1,291.782,3.3366000000000025,81.10280000000003,20.0,4.0,1.0,5.0,3.0,106.0,2.0,0.0,0.0,2.0,50.94,123.27787051113803,2.4406459842592247,582.5812288159723
372,hexythiazox,-5.85,0.0,1,352.88699999999994,4.980700000000004,93.88570000000004,23.0,3.0,1.0,6.0,2.0,124.0,1.0,2.0,2.0,3.0,49.41,145.49322037694705,1.6863879995249411,586.7610929462428
373,Doxycycline,-2.87,0.0,1,444.44000000000017,-0.3475999999999986,109.77490000000002,32.0,9.0,6.0,10.0,2.0,170.0,1.0,0.0,3.0,4.0,181.62,182.42923685321395,2.060772795273567,1136.740039291983
374,Norgestrel,-5.19,0.0,1,312.45300000000003,3.8826000000000023,90.49280000000005,23.0,2.0,1.0,2.0,1.0,124.0,0.0,3.0,4.0,4.0,37.3,139.2801469135596,1.6711962826978068,597.4530522903293
375,oxadiazon,-5.54,0.0764999999999997,2,345.22600000000017,4.217000000000003,86.58400000000003,22.0,5.0,0.0,7.0,3.0,120.0,2.0,0.0,0.0,2.0,57.26,138.33674219062115,2.576230937726532,742.2214387407038
376,n-amyl acetate,-1.8841,0.0,1,130.18699999999998,1.7397,36.158,9.0,2.0,0.0,2.0,4.0,54.0,0.0,0.0,0.0,0.0,26.3,56.20397104375984,2.828868134909685,78.98533616859814
377,ranimustine,-1.5613,0.8241499999999999,2,327.721,-1.6277999999999992,70.3101,21.0,8.0,4.0,11.0,6.0,122.0,0.0,1.0,1.0,1.0,140.92000000000002,125.06704280467387,2.568048586578209,359.5430248505716
378,5-bromouracil,-2.3698,0.0,1,190.984,-0.1743000000000001,35.38339999999999,9.0,2.0,2.0,5.0,0.0,48.0,1.0,0.0,0.0,1.0,65.72,58.06129088711887,3.523897718994017,312.83394095677266
379,3-octanone,-1.693,0.3020172779999999,2,128.21499999999995,2.5458000000000007,39.440000000000005,9.0,1.0,0.0,1.0,5.0,54.0,0.0,0.0,0.0,0.0,17.07,57.455367928649565,2.9730624080867365,76.63682062300136
380,Vertofix,-4.6134788776,0.0,1,246.39399999999992,4.3742000000000045,74.20700000000005,18.0,1.0,0.0,1.0,1.0,100.0,0.0,2.0,3.0,3.0,17.07,111.03275046544712,2.149334590314391,442.5264452381216
381,mcpa-thioethyl,-5.027,0.0,1,244.743,3.3069200000000016,64.82300000000002,15.0,3.0,0.0,4.0,4.0,82.0,1.0,0.0,0.0,1.0,26.3,98.95755727327756,2.5396182727640744,352.4412000308171
382,demeton-o,-3.634,0.0,1,258.3449999999999,3.053600000000001,66.48800000000004,14.0,5.0,0.0,6.0,9.0,86.0,0.0,0.0,0.0,0.0,27.69,96.13751964570464,3.7767972529836142,167.96932691749925
383,5-indanol,-1.3285,0.0,1,134.17800000000005,1.8809,40.13180000000001,10.0,1.0,1.0,1.0,0.0,52.0,1.0,0.0,1.0,2.0,20.23,60.31463206135357,2.522624862611356,252.9052208657395
384,aphidan,-2.3074,0.0,1,304.4390000000001,3.5202000000000027,77.86840000000005,16.0,5.0,0.0,7.0,8.0,98.0,0.0,0.0,0.0,0.0,35.53,110.42508509916156,4.413406891838412,254.72482509951956
385,mecoprop-p,-2.3972,0.0,1,214.648,2.5003199999999994,53.91480000000002,14.0,2.0,1.0,4.0,3.0,76.0,1.0,0.0,0.0,1.0,46.53,87.26373888571173,2.817664884623791,349.2203893594689
386,phosalone,-5.0813,0.0758499999999999,2,367.8160000000001,4.236100000000003,90.61200000000002,21.0,7.0,0.0,9.0,7.0,116.0,2.0,0.0,0.0,2.0,53.6,136.01855823434258,2.2526661246596325,719.6059926791268
387,5-nonanol,-2.49,0.0,1,144.25799999999998,2.7277000000000013,45.05680000000002,10.0,1.0,1.0,1.0,6.0,62.0,0.0,0.0,0.0,0.0,20.23,64.45302169519843,2.998419094375296,53.748605961854445
388,rotenone,-6.2949,0.0,1,394.4230000000002,3.703300000000002,105.90450000000006,29.0,6.0,0.0,6.0,3.0,150.0,2.0,0.0,3.0,5.0,63.22,168.52501233872994,1.581624927135841,1040.1489593987324
389,Lindane,-4.64,0.5236260712569611,8,290.832,3.644400000000001,57.846000000000025,12.0,0.0,0.0,6.0,0.0,72.0,0.0,1.0,1.0,1.0,0.0,101.37772780757338,2.7602520756252087,103.58797503894242
390,Salicylamide,-1.76,0.0608643608909062,5,137.13799999999998,0.4911,36.62470000000002,10.0,2.0,2.0,3.0,1.0,52.0,1.0,0.0,0.0,1.0,63.32000000000001,58.09199178314606,3.1529414466808685,257.53794892648057
391,chlortoluron,-3.4826,0.4049001962075208,3,212.68,2.741920000000001,58.89470000000003,14.0,1.0,1.0,4.0,1.0,76.0,1.0,0.0,0.0,1.0,32.34,88.66565575782023,2.781208374094021,349.9752768616324
392,permethrin,-6.99,0.4121999999999999,2,391.2940000000001,6.113300000000004,103.30400000000002,26.0,3.0,0.0,5.0,6.0,136.0,2.0,1.0,1.0,3.0,35.53,163.07268718223784,1.5921835455133286,811.0157196010404
393,validamycin,0.3032,0.0,1,497.49400000000014,-6.752699999999988,109.74750000000002,34.0,14.0,12.0,14.0,7.0,198.0,0.0,2.0,3.0,3.0,253.01999999999992,194.47957862537103,1.7259477537384007,693.378919983711
394,flurprimidol,-3.4377,0.02885,2,312.29099999999994,3.267100000000002,72.99380000000002,22.0,4.0,1.0,7.0,4.0,118.0,2.0,0.0,0.0,2.0,55.24,125.15688904991865,2.3833827606219,614.9347281236406
395,2-bromoethanol,0.9032,0.0,1,124.965,0.3736,20.8798,4.0,1.0,1.0,2.0,1.0,26.0,0.0,0.0,0.0,0.0,20.23,33.76597450006353,1.9747448713915892,8.0
396,clofencet,0.4,0.0,1,278.695,2.1465000000000005,71.18130000000002,19.0,4.0,1.0,6.0,3.0,98.0,2.0,0.0,0.0,2.0,72.19,113.62158886480913,2.706695791791702,677.2779518203245
397,piperazine,1.0648,0.0,1,86.138,-0.8208,25.739399999999996,6.0,2.0,2.0,2.0,0.0,36.0,0.0,1.0,1.0,1.0,24.06,37.92797058470623,2.0,21.019550008653876
398,undecan-2-one,-4.2018206695,0.0,1,170.296,3.716100000000002,53.29100000000004,12.0,1.0,0.0,1.0,8.0,72.0,0.0,0.0,0.0,0.0,17.07,76.55019427183942,2.86138733944056,107.5717400212565
399,clarithromycin,-2.2,0.0,1,747.964,2.4397000000000046,191.0481999999994,52.0,14.0,4.0,14.0,8.0,304.0,0.0,3.0,3.0,3.0,182.91,310.27924528553945,2.221952094654376,1187.5764542086654
400,Methoprene,-5.19,0.0,1,310.47800000000007,5.062000000000006,92.84500000000008,22.0,3.0,0.0,3.0,10.0,128.0,0.0,0.0,0.0,0.0,35.53,136.31761558165755,4.052073192620189,378.1415344089713
401,mebendazole,-3.88,0.1313999999999999,2,295.298,2.972200000000001,81.99590000000002,22.0,4.0,2.0,6.0,3.0,110.0,3.0,0.0,0.0,3.0,84.07999999999998,125.68024821564931,1.9260874098713097,840.2231332611786
402,terpin,-1.634,0.411081186898917,3,172.26799999999997,1.6985,48.87960000000003,12.0,2.0,2.0,2.0,1.0,72.0,0.0,1.0,1.0,1.0,40.46,74.6063664082618,2.4688639790107176,145.71173956630955
403,methanethiol,-0.3148794359,0.0899176001,2,48.11000000000001,0.546,14.910000000000002,2.0,1.0,1.0,1.0,0.0,14.0,0.0,0.0,0.0,0.0,0.0,19.89431769123128,1.0,2.0
404,anilofos,-4.4321,0.0,1,367.86,4.331900000000004,94.83500000000004,21.0,5.0,0.0,8.0,7.0,118.0,1.0,0.0,0.0,1.0,38.77,139.60266286998527,2.842070207560657,516.6525869673495
405,ephedrine,-0.42,0.0492160768674446,3,165.23599999999996,1.3279,49.92350000000003,12.0,2.0,2.0,2.0,3.0,66.0,1.0,0.0,0.0,1.0,32.26,73.23526751288745,2.711040723233061,222.5400055614587
406,acrylonitrile,0.1474,0.0,1,53.06399999999999,0.6959799999999999,15.81,4.0,1.0,0.0,1.0,0.0,20.0,0.0,0.0,0.0,0.0,23.79,25.172111905907222,2.9217836800202117,48.793987519471216
407,Quinonamid,-5.03,0.0,1,332.57000000000005,2.8260000000000005,76.23570000000002,20.0,3.0,1.0,7.0,3.0,104.0,1.0,0.0,1.0,2.0,63.24,129.2347908989441,2.3472920923969456,637.5034812482794
408,cyclohexane,-3.1,0.0738128441780243,4,84.162,2.3406,27.701999999999984,6.0,0.0,0.0,0.0,0.0,36.0,0.0,1.0,1.0,1.0,0.0,39.55813044628337,2.0,15.509775004326936
409,clofazimine,-6.24,0.0,1,473.40700000000015,7.489800000000006,138.1356999999999,33.0,4.0,1.0,6.0,4.0,164.0,3.0,0.0,2.0,5.0,42.21,202.0591860644695,1.8034503309429024,1469.6398244257894
410,minocycline,-0.94,0.0,1,457.4830000000002,0.1866000000000018,118.00110000000006,33.0,9.0,5.0,10.0,3.0,176.0,1.0,0.0,3.0,4.0,164.63,189.75977888561792,1.9774201929495312,1166.8313772844322
411,"2,2',3'-pcb",-5.944,0.0,1,257.547,5.313800000000002,66.90800000000003,15.0,0.0,0.0,3.0,1.0,76.0,2.0,0.0,0.0,2.0,0.0,103.398296006206,2.646979599028448,491.9759470533523
412,tecloftalam,-4.5051,0.0,1,447.91600000000017,6.5575,97.8565,24.0,2.0,2.0,10.0,3.0,126.0,2.0,0.0,0.0,2.0,66.39999999999999,165.70511905153586,2.6115974662863986,868.3187759496616
413,fenoxycarb,-4.7009,0.0095499999999999,2,301.34200000000004,3.6038000000000014,83.47770000000004,22.0,4.0,1.0,5.0,7.0,116.0,2.0,0.0,0.0,2.0,56.790000000000006,129.3652278697165,1.7372919970376688,568.9726260550095
414,dithiopyr,-5.4575,0.0,1,401.422,5.242900000000003,88.42900000000004,25.0,5.0,0.0,10.0,5.0,140.0,1.0,0.0,0.0,1.0,47.03,149.69741350985873,4.054004920713053,674.8660539581201
415,ipronidazole,-1.26,0.0,1,169.18399999999997,1.4517,43.95140000000002,12.0,4.0,0.0,5.0,2.0,66.0,1.0,0.0,0.0,1.0,60.96,70.18292718813933,3.1291797718477805,303.6001748617566
416,trichothecin,-2.9196,0.0,1,332.39600000000013,2.3461000000000007,86.25000000000004,24.0,5.0,0.0,5.0,2.0,130.0,0.0,3.0,4.0,4.0,65.13,141.56935829709124,1.7773650746857308,673.244632222241
417,cinchoninone,-3.19,0.0,1,292.382,3.313900000000002,87.84550000000006,22.0,3.0,0.0,3.0,3.0,112.0,2.0,3.0,3.0,5.0,33.2,130.2022272071492,1.686193435510598,733.7975324046537
418,prodiamine,-7.07,0.18025,2,350.297,3.730400000000002,81.9602,24.0,6.0,1.0,11.0,7.0,134.0,1.0,0.0,0.0,1.0,115.54,134.8882799412676,3.869113877191057,643.0844693591861
419,n-butyl iodide,-2.9587,0.0,1,184.02,2.2215,33.794999999999995,5.0,0.0,0.0,1.0,2.0,32.0,0.0,0.0,0.0,0.0,0.0,47.09591549206301,2.19060968716425,11.119415478763749
420,nihydrazone,-2.5958,0.0,1,197.15,0.6577999999999999,46.77310000000001,14.0,5.0,1.0,7.0,3.0,74.0,1.0,0.0,0.0,1.0,97.74,78.55037723901033,2.6374009499939133,382.0415557122914
421,propargite,-5.8457,0.1832623901499999,2,350.4800000000001,3.919200000000004,95.82640000000004,24.0,4.0,0.0,5.0,6.0,132.0,1.0,1.0,1.0,2.0,44.760000000000005,147.30194248919548,1.9762330395093344,582.8697304336721
422,5-Nonanone,-2.58,0.00675,2,142.242,2.935900000000001,44.057000000000016,10.0,1.0,0.0,1.0,6.0,60.0,0.0,0.0,0.0,0.0,17.07,63.82031004304618,3.0863484262353005,76.72905595320057
423,pivalic acid,-0.5635618856,0.0545690571999999,2,102.13299999999998,1.1171,27.090799999999987,7.0,1.0,1.0,2.0,0.0,42.0,0.0,0.0,0.0,0.0,37.3,43.15477533765576,3.7911184170869663,78.57116899294724
424,tetradifon,-6.6594,0.0,1,356.057,5.133000000000001,78.37580000000001,19.0,2.0,0.0,7.0,2.0,100.0,2.0,0.0,0.0,2.0,34.14,130.32696061487425,2.6298309324423976,724.1397573912055
425,flubenzimine,-5.42,0.0,1,416.3500000000001,5.764100000000004,97.02900000000002,28.0,4.0,0.0,11.0,2.0,146.0,2.0,1.0,1.0,3.0,40.32,158.86950031472125,2.204986669884621,920.1589460243688
426,novantrone,-1.8388,0.0,1,517.4100000000003,-5.906200000000003,122.19300000000004,34.0,10.0,8.0,12.0,12.0,188.0,2.0,0.0,1.0,3.0,163.18,212.10729850339152,0.0,938.9890130182928
427,bromuconazole,-3.8775,0.0,1,377.0690000000001,3.664200000000003,81.44600000000003,20.0,4.0,0.0,7.0,3.0,106.0,2.0,1.0,1.0,3.0,39.94,134.72188347083377,2.0115531392586874,607.668666316774
428,anisole,-1.85,0.0924669100849582,3,108.14,1.6952,32.99399999999999,8.0,1.0,0.0,1.0,1.0,42.0,1.0,0.0,0.0,1.0,9.23,48.90989046340046,2.8320858350070903,145.73281445033504
429,spironolactone,-4.2773,0.0,1,416.58300000000025,4.852300000000005,112.21000000000006,29.0,5.0,0.0,5.0,1.0,158.0,0.0,4.0,5.0,5.0,60.44,177.13538241412454,1.5572210087099811,817.6983003627336
430,penbutolol,-1.6195,0.0,1,291.4350000000001,3.472000000000002,86.90850000000005,21.0,3.0,2.0,3.0,6.0,118.0,1.0,1.0,1.0,2.0,41.49,128.26251850403798,1.8766515218979216,433.08962111922807
431,dioxomanganese,-6.1610484037,0.0,1,86.93599999999999,-0.2401,1.373,3.0,2.0,0.0,3.0,0.0,19.0,0.0,0.0,0.0,0.0,34.14,23.39474668114611,3.2659863237109046,23.774437510817343
432,ephedrine,-0.4147,0.0,1,165.236,1.3279,49.92350000000003,12.0,2.0,2.0,2.0,3.0,66.0,1.0,0.0,0.0,1.0,32.26,73.23526751288745,2.7110407232330616,222.5400055614587
433,isononene,-5.052,0.0,1,126.243,3.5329000000000024,43.57300000000001,9.0,0.0,0.0,0.0,6.0,54.0,0.0,0.0,0.0,0.0,0.0,58.96918491081816,2.663883887398184,55.058650025961626
434,bromadiolone,-4.45,0.0,1,527.4140000000001,7.183700000000007,141.58859999999984,35.0,4.0,2.0,5.0,6.0,174.0,5.0,0.0,0.0,5.0,70.67,210.80153064670023,1.504070715998948,1507.1507491353125
435,chlorphoxim,-5.2917,0.0,1,332.749,3.8817800000000022,82.22400000000003,20.0,6.0,0.0,8.0,7.0,108.0,1.0,0.0,0.0,1.0,63.84,127.88682649129872,2.988351614419212,564.0660168264776
436,allopurinol,-2.3788,0.075754926499132,3,136.11399999999998,-0.4022000000000001,33.6254,10.0,3.0,2.0,5.0,0.0,50.0,0.0,0.0,2.0,2.0,74.43,55.465602237998894,2.9295862435831603,362.1908003330719
437,carbetamide,-1.8293,0.0,1,236.271,1.7596999999999998,64.69140000000003,17.0,3.0,2.0,5.0,4.0,92.0,1.0,0.0,0.0,1.0,67.42999999999999,100.15736960268714,2.419926733388694,378.5969479612245
438,2-butenal,0.32,0.0,1,70.09100000000001,0.7614,20.877999999999997,5.0,1.0,0.0,1.0,1.0,28.0,0.0,0.0,0.0,0.0,17.07,31.30599643887888,2.924418198172918,45.60964047443681
439,disopyramide,-1.7,0.0,1,339.4830000000001,3.361900000000002,102.24840000000006,25.0,3.0,1.0,4.0,8.0,134.0,2.0,0.0,0.0,2.0,59.22,150.61881291773346,2.502189298799148,620.555221777562
440,helicin,-1.1985,0.0,1,284.264,-1.3222000000000005,66.22470000000003,20.0,7.0,4.0,7.0,4.0,110.0,1.0,1.0,1.0,2.0,116.45,114.54571433458555,2.1705786914097764,461.7878229798333
441,indazole,-2.1554,0.0,1,118.13899999999995,1.5629,36.09370000000001,9.0,1.0,1.0,2.0,0.0,44.0,2.0,0.0,0.0,2.0,28.68,52.510329621597705,2.954659790285104,280.8939367663436
442,chloridazon,-2.7436,0.0632000000000001,2,221.647,1.4680999999999995,59.256400000000006,15.0,4.0,1.0,5.0,1.0,76.0,2.0,0.0,0.0,2.0,60.91,90.91089736639223,2.6602820094110218,536.1089189358535
443,azo dye n9,-6.13,0.0,1,373.8000000000001,4.375980000000003,98.25320000000004,26.0,7.0,1.0,9.0,8.0,134.0,2.0,0.0,0.0,2.0,115.12,154.66287479528273,2.1182055651664946,833.2822582747103
444,ketanserin,-4.5971,0.0,1,395.4340000000001,2.4238,108.72320000000002,29.0,5.0,1.0,7.0,5.0,150.0,3.0,1.0,1.0,4.0,75.17,166.1430704406891,1.3759557752840652,1142.4164996007075
445,Digoxin,-4.16,0.1586407541865861,3,780.9490000000002,2.218100000000003,192.6107999999994,55.0,14.0,6.0,14.0,7.0,312.0,0.0,7.0,8.0,8.0,203.06,323.3224245630436,0.8374981988041249,1409.0037418555949
446,chlorphenesin,-1.3067,1.3690239838,2,202.63700000000003,1.072,50.03960000000003,13.0,3.0,2.0,4.0,4.0,72.0,1.0,0.0,0.0,1.0,49.69,81.53150842346736,2.411261457917634,247.54165625270005
447,methyl oxalate,-0.2919,0.0,1,118.088,-0.6676000000000002,24.03199999999999,8.0,4.0,0.0,4.0,0.0,46.0,0.0,0.0,0.0,0.0,52.60000000000001,46.384212030120665,3.643224945571916,92.60593781761293
448,phosmethylan,-5.204,0.0,1,367.86,4.681100000000004,94.60700000000006,21.0,5.0,0.0,8.0,8.0,118.0,1.0,0.0,0.0,1.0,38.77,139.60266286998532,2.965639937751805,521.8927658894296
449,1-phenyldecane,-7.959,0.0,1,218.384,5.369800000000005,72.75600000000006,16.0,0.0,0.0,0.0,9.0,90.0,1.0,0.0,0.0,1.0,0.0,101.08082426346309,1.8867858752137916,237.4750399341736
450,nitromethane,0.2335017655,0.0130991172499999,2,61.040000000000006,-0.1071,12.9184,4.0,2.0,0.0,3.0,0.0,24.0,0.0,0.0,0.0,0.0,43.14,23.39222675032935,2.8030394876740514,29.019550008653876
451,gold,-8.8172722155,0.0,1,196.967,-0.0025,0.0,1.0,0.0,0.0,1.0,0.0,11.0,0.0,0.0,0.0,0.0,0.0,23.001880613197383,0.0,0.0
452,bromophos,-6.0864,1.0632,2,366.0,4.652000000000002,73.09300000000002,16.0,4.0,0.0,8.0,4.0,90.0,1.0,0.0,0.0,1.0,27.69,117.35593119942848,3.0637668536422646,435.5367539129217
453,midazolam,-4.13,0.0,1,325.77400000000006,4.324220000000003,89.05400000000003,23.0,3.0,0.0,5.0,1.0,114.0,3.0,0.0,1.0,4.0,30.18,137.63749072550982,2.027496173750821,943.1897985853424
454,clomeprop,-7.0057,0.0,1,324.207,4.7078200000000034,86.36070000000002,21.0,2.0,1.0,5.0,4.0,110.0,2.0,0.0,0.0,2.0,38.33,133.3797277500695,2.05929391449834,644.2252779339522
455,kasugamycin,-2.9342,0.0,1,279.34,2.6670000000000007,78.06040000000004,20.0,3.0,2.0,6.0,2.0,110.0,1.0,0.0,0.0,1.0,70.67,118.6470875016837,2.687869436009675,492.682650032856
456,famotidine,-2.65,0.165,2,337.4560000000001,-0.767999999999998,83.0924,20.0,6.0,4.0,12.0,7.0,112.0,1.0,0.0,0.0,1.0,175.82999999999998,124.28559613101793,2.366985109789652,603.3416169759435
457,penconazole,-3.5903,0.0,1,284.19,4.168800000000003,74.13300000000004,18.0,3.0,0.0,5.0,5.0,96.0,2.0,0.0,0.0,2.0,30.71,116.74662178921476,2.230390674272061,496.9423932078171
458,deferoxamine,-1.6695,0.0,1,560.6930000000002,0.9221000000000046,141.26729999999998,39.0,9.0,6.0,14.0,23.0,226.0,0.0,0.0,0.0,0.0,205.84,230.26940510342789,3.7506113991547503,739.3513782599549
459,1-chlorobutane,-2.03,0.4487148634065499,3,92.569,2.0253,25.62799999999999,5.0,0.0,0.0,1.0,2.0,32.0,0.0,0.0,0.0,0.0,0.0,38.13734359790105,2.19060968716425,11.119415478763749
460,dibucaine,-3.7,0.472977979285388,3,343.471,3.4853000000000023,102.26720000000007,25.0,4.0,1.0,5.0,10.0,136.0,2.0,0.0,0.0,2.0,54.46,149.93184207390345,2.146937510494859,683.69564310788
461,vicine,-1.4832,0.0,1,304.259,-3.886999999999999,68.0777,21.0,10.0,7.0,11.0,3.0,118.0,1.0,1.0,1.0,2.0,197.17,117.2998495761074,2.245409805545388,562.827459562259
462,dka-24,-1.0397,0.0,1,265.14,1.1068999999999998,65.47770000000001,16.0,2.0,1.0,6.0,7.0,90.0,0.0,0.0,0.0,0.0,49.41,104.8837965006928,4.317682912977611,279.99259468635216
463,m-terphenyl,-5.183,0.0,1,230.31,5.020600000000004,77.31400000000004,18.0,0.0,0.0,0.0,2.0,86.0,3.0,0.0,0.0,3.0,0.0,107.54559153162504,2.053580217290233,569.7160655475084
464,sulcotrione,-3.2994,0.0,1,328.7730000000002,1.8645000000000005,76.24730000000002,21.0,5.0,0.0,7.0,3.0,112.0,1.0,1.0,1.0,2.0,85.35,126.7583397899402,2.400758783594129,719.731304042031
465,aminocarb,-2.3572,0.0,1,208.261,1.77922,60.58970000000003,15.0,3.0,1.0,4.0,2.0,82.0,1.0,0.0,0.0,1.0,41.57,89.84087687484205,2.8663948066468974,361.6055960561882
466,s-butylacetate,-1.2727,0.0,1,116.15999999999998,1.348,31.518999999999984,8.0,2.0,0.0,2.0,2.0,48.0,0.0,0.0,0.0,0.0,26.3,49.83902892936324,3.236426783100137,78.59772060569361
467,1-octene,-4.4373,0.0,1,112.216,3.142800000000002,38.956,8.0,0.0,0.0,0.0,5.0,48.0,0.0,0.0,0.0,0.0,0.0,52.604242796421545,2.616293090417985,46.0
468,crotoxyphos,-2.4973,0.0,1,314.274,3.6121000000000025,77.41550000000004,21.0,6.0,0.0,7.0,7.0,116.0,1.0,0.0,0.0,1.0,71.06,123.82665069503196,2.636640599406943,531.6550310610564
469,santonin,-3.0905,0.0,1,246.30599999999995,2.419600000000001,66.72200000000002,18.0,3.0,0.0,3.0,0.0,96.0,0.0,2.0,3.0,3.0,43.370000000000005,106.88833053402028,2.0989565315857823,499.8681035469155
470,fluvalinate,-8.0025,0.1987500000000004,2,502.9200000000002,7.395680000000005,126.1067,35.0,5.0,1.0,9.0,8.0,182.0,3.0,0.0,0.0,3.0,71.35,205.5960553065925,1.7542695134519983,1210.4541526746402
471,isolan,0.6752,0.0,1,211.265,1.83282,57.06000000000004,15.0,4.0,0.0,5.0,2.0,84.0,1.0,0.0,0.0,1.0,47.36000000000001,89.6281323769881,2.888552175902328,355.5495160170421
472,dicrotophos,0.6249,0.0,1,237.192,1.3959,55.16050000000003,15.0,5.0,0.0,7.0,5.0,88.0,0.0,0.0,0.0,0.0,65.07000000000001,89.41584492966442,4.5464432183205945,291.4071541962021
473,Fensulfothion,-2.3,0.0559999999999998,2,308.36100000000005,3.1003000000000016,76.93940000000003,18.0,5.0,0.0,7.0,7.0,102.0,1.0,0.0,0.0,1.0,44.760000000000005,115.35093168678956,2.809298823967879,436.8613640932748
474,sulprofos,-6.0171,0.0,1,322.457,5.191500000000004,87.51100000000005,18.0,5.0,0.0,6.0,8.0,102.0,1.0,0.0,0.0,1.0,18.46,123.13620878382513,2.718332393655078,394.81392577347697
475,itanoxone,-3.2,0.0,1,300.7410000000001,4.220600000000003,82.61130000000004,21.0,2.0,1.0,4.0,5.0,106.0,2.0,0.0,0.0,2.0,54.37,127.044149044525,2.1970554652957928,702.2300893568544
476,Dienestrol,-4.95,0.0,1,266.34,4.337200000000004,82.08960000000003,20.0,2.0,2.0,2.0,5.0,102.0,2.0,0.0,0.0,2.0,40.46,118.88741145196418,2.366450641259731,526.3202167358058
477,3-quinolinol,-2.3925,0.0,1,145.16099999999997,1.9404,43.40780000000002,11.0,2.0,1.0,2.0,0.0,54.0,2.0,0.0,0.0,2.0,33.120000000000005,64.1269493843747,2.828901215620696,383.97444633457127
478,naproanilide,-5.5894,0.0,1,291.35,4.245800000000003,89.10970000000003,22.0,2.0,1.0,3.0,4.0,110.0,3.0,0.0,0.0,3.0,38.33,129.08991771364472,1.6916001428004526,783.5568797101462
479,cyproconazole,-3.3189,0.0,1,291.78200000000004,2.865400000000001,77.25880000000004,20.0,4.0,1.0,5.0,5.0,106.0,2.0,1.0,1.0,3.0,50.94,122.96164238979308,1.9486625438093583,565.3143788212283
480,dibromomethane,-1.2858947125,0.0606473562499999,2,173.83499999999998,1.7337,22.721,3.0,0.0,0.0,2.0,0.0,20.0,0.0,0.0,0.0,0.0,0.0,36.47434623911227,1.6329931618554523,2.754887502163468
481,2-chlorobutane,-2.0012638712,0.0302999672401273,3,92.569,2.0237,25.605999999999987,5.0,0.0,0.0,1.0,1.0,32.0,0.0,0.0,0.0,0.0,0.0,38.13734359790105,2.5395388613593908,17.609640474436812
482,epn,-5.0169,0.0,1,323.31000000000006,3.645100000000002,85.71140000000001,21.0,5.0,0.0,7.0,6.0,110.0,2.0,0.0,0.0,2.0,61.6,127.39170558095353,2.278597130020676,660.4340420045148
483,propanoic acid,1.1303048889,0.0,1,74.079,0.481,17.9268,5.0,1.0,1.0,2.0,1.0,30.0,0.0,0.0,0.0,0.0,37.3,30.42489110886254,2.847378923087672,40.1577218810798
484,(+)-fenchol,-2.2702,0.0,1,154.253,2.1935000000000007,45.23580000000002,11.0,1.0,1.0,1.0,0.0,64.0,0.0,2.0,2.0,2.0,20.23,68.80630150253658,2.338936599612258,180.5569111106811
485,terazosin,-1.8,0.0,1,387.4400000000003,1.0567999999999995,104.82140000000004,28.0,8.0,1.0,9.0,4.0,150.0,2.0,2.0,2.0,4.0,103.04,162.91678039041332,1.5223174900117835,876.2432965501941
486,Sulfapyridine,-2.7,0.6942778758457516,3,249.295,1.4646,65.89990000000002,17.0,4.0,2.0,6.0,3.0,88.0,2.0,0.0,0.0,2.0,85.08,99.35867407954336,2.2855090743996462,594.3734869483202
487,methane,-2.8629,1.5912749117310752,13,16.043,0.6361,6.731,1.0,0.0,0.0,0.0,0.0,8.0,0.0,0.0,0.0,0.0,0.0,8.739251027829551,0.0,0.0
488,piroxicam,-4.5,0.2614489540150342,3,331.353,1.5810000000000002,83.80630000000004,23.0,5.0,2.0,8.0,2.0,118.0,2.0,0.0,1.0,3.0,99.6,132.49870717684675,2.0932817931934427,907.3290496863176
489,methanamine,1.3686434782,0.0863282609,2,31.058,-0.4251,10.1114,2.0,1.0,1.0,1.0,0.0,14.0,0.0,0.0,0.0,0.0,26.02,14.079141724842266,1.0,2.0
490,glycylglycine,0.1,0.0,1,132.11899999999997,-1.8541,29.6999,9.0,3.0,3.0,5.0,3.0,52.0,0.0,0.0,0.0,0.0,92.42000000000002,51.84110820392366,3.2762115375101843,122.9811553790729
491,bromofenoxim,-6.6637,0.0,1,461.02200000000016,3.4106000000000014,90.6245,24.0,7.0,1.0,11.0,5.0,124.0,1.0,0.0,1.0,2.0,124.61,150.7313723391102,2.1800888942639345,806.9959791790519
492,Norethisterone,-4.57,0.0,1,314.42500000000007,2.607400000000001,87.33560000000003,23.0,3.0,2.0,3.0,0.0,124.0,0.0,3.0,4.0,4.0,57.53,137.709438551359,1.7024099249747309,629.2882690727863
493,nicotine,0.79,0.0,1,162.236,1.8483,48.84200000000003,12.0,2.0,0.0,2.0,1.0,64.0,1.0,1.0,1.0,2.0,16.130000000000003,73.22976418910064,2.194591657785846,245.27530899395384
494,adenine,-2.1179,0.0710499999999998,2,135.13,-0.0648999999999999,36.0961,10.0,4.0,2.0,5.0,0.0,50.0,2.0,0.0,0.0,2.0,80.47999999999999,56.32106271209872,2.950090305322589,351.5657969317911
495,niridazole,-3.2169,0.0,1,214.206,0.5808999999999997,49.51310000000001,14.0,5.0,1.0,8.0,2.0,74.0,1.0,1.0,1.0,2.0,88.37,82.50460323687057,2.2393591762857787,390.1832651623677
496,brequinar,-6.39,0.0,1,375.374,5.853620000000003,104.2273,28.0,2.0,1.0,5.0,3.0,138.0,4.0,0.0,0.0,4.0,50.19,159.46361493119218,1.87578004901392,1217.4329743060962
497,2-bromopropane,-1.598518701,0.0184806076059304,3,122.993,1.7897,24.06299999999999,4.0,0.0,0.0,1.0,0.0,26.0,0.0,0.0,0.0,0.0,0.0,35.33668286226413,2.3237900077244498,8.0
498,pholcodine,-1.2994,0.0,1,398.503,1.2034999999999998,108.66580000000008,29.0,6.0,1.0,6.0,4.0,156.0,1.0,2.0,5.0,6.0,54.400000000000006,171.5711970455323,1.328591223763308,836.4118943712936
499,"1,4-pentadiene",-2.0866,0.0,1,68.119,1.7485,25.01099999999999,5.0,0.0,0.0,0.0,2.0,28.0,0.0,0.0,0.0,0.0,0.0,32.81981342104747,2.6531630746803305,29.302968908806456
